CREATE TABLE "mxmodelreflection$mxobjectreference" (
	"id" BIGINT NOT NULL,
	"changeddate" TIMESTAMP NULL,
	"createddate" TIMESTAMP NULL,
	"associationowner" VARCHAR_IGNORECASE(8) NULL,
	"parententity" VARCHAR_IGNORECASE(200) NULL,
	"completename" VARCHAR_IGNORECASE(200) NULL,
	"module" VARCHAR_IGNORECASE(200) NULL,
	"referencetype" VARCHAR_IGNORECASE(12) NULL,
	"name" VARCHAR_IGNORECASE(200) NULL,
	"readablename" VARCHAR_IGNORECASE(200) NULL,
	"system$changedby" BIGINT NULL,
	"system$owner" BIGINT NULL,
	PRIMARY KEY("id"));
CREATE INDEX "idx_mxmodelreflection$mxobjectreference_system$changedby" ON "mxmodelreflection$mxobjectreference" ("system$changedby","id");
CREATE INDEX "idx_mxmodelreflection$mxobjectreference_system$owner" ON "mxmodelreflection$mxobjectreference" ("system$owner","id");
INSERT INTO "mendixsystem$entity" ("id", 
"entity_name", 
"table_name")
 VALUES ('9ee050d2-f0a5-43ef-ad2a-9ea1a75f8341', 
'MxModelReflection.MxObjectReference', 
'mxmodelreflection$mxobjectreference');
INSERT INTO "mendixsystem$attribute" ("id", 
"entity_id", 
"attribute_name", 
"column_name", 
"type", 
"length", 
"default_value", 
"is_auto_number")
 VALUES ('d6ad1535-34f0-33d4-8038-82890d195191', 
'9ee050d2-f0a5-43ef-ad2a-9ea1a75f8341', 
'changedDate', 
'changeddate', 
20, 
0, 
'', 
false);
INSERT INTO "mendixsystem$attribute" ("id", 
"entity_id", 
"attribute_name", 
"column_name", 
"type", 
"length", 
"default_value", 
"is_auto_number")
 VALUES ('c00cac0b-9371-344c-a76f-1f9c1a7118ee', 
'9ee050d2-f0a5-43ef-ad2a-9ea1a75f8341', 
'createdDate', 
'createddate', 
20, 
0, 
'', 
false);
INSERT INTO "mendixsystem$attribute" ("id", 
"entity_id", 
"attribute_name", 
"column_name", 
"type", 
"length", 
"default_value", 
"is_auto_number")
 VALUES ('7296e5a2-fc55-4648-b51b-9cacd42d9f4f', 
'9ee050d2-f0a5-43ef-ad2a-9ea1a75f8341', 
'AssociationOwner', 
'associationowner', 
40, 
8, 
'_Default', 
false);
INSERT INTO "mendixsystem$attribute" ("id", 
"entity_id", 
"attribute_name", 
"column_name", 
"type", 
"length", 
"default_value", 
"is_auto_number")
 VALUES ('631818a9-5c3f-4608-b5de-4bc9a9f132f4', 
'9ee050d2-f0a5-43ef-ad2a-9ea1a75f8341', 
'ParentEntity', 
'parententity', 
30, 
200, 
'', 
false);
INSERT INTO "mendixsystem$attribute" ("id", 
"entity_id", 
"attribute_name", 
"column_name", 
"type", 
"length", 
"default_value", 
"is_auto_number")
 VALUES ('f47a190a-c7a9-41e4-a463-ab66de9f023b', 
'9ee050d2-f0a5-43ef-ad2a-9ea1a75f8341', 
'CompleteName', 
'completename', 
30, 
200, 
'', 
false);
INSERT INTO "mendixsystem$attribute" ("id", 
"entity_id", 
"attribute_name", 
"column_name", 
"type", 
"length", 
"default_value", 
"is_auto_number")
 VALUES ('82abd162-c0e5-4945-9efd-3c9ff66f6425', 
'9ee050d2-f0a5-43ef-ad2a-9ea1a75f8341', 
'Module', 
'module', 
30, 
200, 
'', 
false);
INSERT INTO "mendixsystem$attribute" ("id", 
"entity_id", 
"attribute_name", 
"column_name", 
"type", 
"length", 
"default_value", 
"is_auto_number")
 VALUES ('00cfded1-f93a-4a19-be46-f2a79792430d', 
'9ee050d2-f0a5-43ef-ad2a-9ea1a75f8341', 
'ReferenceType', 
'referencetype', 
40, 
12, 
'', 
false);
INSERT INTO "mendixsystem$attribute" ("id", 
"entity_id", 
"attribute_name", 
"column_name", 
"type", 
"length", 
"default_value", 
"is_auto_number")
 VALUES ('2cd2ca6f-3006-40bf-b9cf-1ee6c2af227d', 
'9ee050d2-f0a5-43ef-ad2a-9ea1a75f8341', 
'Name', 
'name', 
30, 
200, 
'', 
false);
INSERT INTO "mendixsystem$attribute" ("id", 
"entity_id", 
"attribute_name", 
"column_name", 
"type", 
"length", 
"default_value", 
"is_auto_number")
 VALUES ('7db75932-93de-42be-9ce3-7fb7b40d5bc2', 
'9ee050d2-f0a5-43ef-ad2a-9ea1a75f8341', 
'ReadableName', 
'readablename', 
30, 
200, 
'', 
false);
INSERT INTO "mendixsystem$index" ("id", 
"table_id", 
"index_name")
 VALUES ('ed01a186-b559-37a4-a44f-dd21f7f0aa11', 
'9ee050d2-f0a5-43ef-ad2a-9ea1a75f8341', 
'idx_mxmodelreflection$mxobjectreference_system$changedby');
INSERT INTO "mendixsystem$index_column" ("index_id", 
"column_id", 
"sort_order", 
"ordinal")
 VALUES ('ed01a186-b559-37a4-a44f-dd21f7f0aa11', 
'd6de265f-8c73-3c8b-bd8e-bfe9d6a0e627', 
false, 
0);
INSERT INTO "mendixsystem$index" ("id", 
"table_id", 
"index_name")
 VALUES ('1241e6de-db16-3f25-92e5-8a507d9a94f4', 
'9ee050d2-f0a5-43ef-ad2a-9ea1a75f8341', 
'idx_mxmodelreflection$mxobjectreference_system$owner');
INSERT INTO "mendixsystem$index_column" ("index_id", 
"column_id", 
"sort_order", 
"ordinal")
 VALUES ('1241e6de-db16-3f25-92e5-8a507d9a94f4', 
'0b054860-6624-3471-8f33-fcc0dda48a15', 
false, 
0);
INSERT INTO "mendixsystem$association" ("id", 
"association_name", 
"table_name", 
"parent_entity_id", 
"child_entity_id", 
"parent_column_name", 
"child_column_name")
 VALUES ('d6de265f-8c73-3c8b-bd8e-bfe9d6a0e627', 
'System.changedBy', 
'system$changedby', 
'9ee050d2-f0a5-43ef-ad2a-9ea1a75f8341', 
'282e2e60-88a5-469d-84a5-ba8d9151644f', 
'id', 
'system$changedby');
INSERT INTO "mendixsystem$association" ("id", 
"association_name", 
"table_name", 
"parent_entity_id", 
"child_entity_id", 
"parent_column_name", 
"child_column_name")
 VALUES ('0b054860-6624-3471-8f33-fcc0dda48a15', 
'System.owner', 
'system$owner', 
'9ee050d2-f0a5-43ef-ad2a-9ea1a75f8341', 
'282e2e60-88a5-469d-84a5-ba8d9151644f', 
'id', 
'system$owner');
CREATE TABLE "mxmodelreflection$mxobjectreference_mxobjecttype" (
	"mxmodelreflection$mxobjectreferenceid" BIGINT NOT NULL,
	"mxmodelreflection$mxobjecttypeid" BIGINT NOT NULL,
	PRIMARY KEY("mxmodelreflection$mxobjectreferenceid","mxmodelreflection$mxobjecttypeid"));
CREATE INDEX "idx_mxmodelreflection$mxobjectreference_mxobjecttype_mxmodelreflection$mxobjecttype_mxmodelreflection$mxobjectreference" ON "mxmodelreflection$mxobjectreference_mxobjecttype" ("mxmodelreflection$mxobjecttypeid","mxmodelreflection$mxobjectreferenceid");
INSERT INTO "mendixsystem$association" ("id", 
"association_name", 
"table_name", 
"parent_entity_id", 
"child_entity_id", 
"parent_column_name", 
"child_column_name", 
"index_name")
 VALUES ('709afa99-cbf0-493b-8e8c-8def4f5972dc', 
'MxModelReflection.MxObjectReference_MxObjectType', 
'mxmodelreflection$mxobjectreference_mxobjecttype', 
'9ee050d2-f0a5-43ef-ad2a-9ea1a75f8341', 
'853bb93d-4ce1-4b4e-99b8-70e7742ad108', 
'mxmodelreflection$mxobjectreferenceid', 
'mxmodelreflection$mxobjecttypeid', 
'idx_mxmodelreflection$mxobjectreference_mxobjecttype_mxmodelreflection$mxobjecttype_mxmodelreflection$mxobjectreference');
CREATE TABLE "mxmodelreflection$mxobjectreference_module" (
	"mxmodelreflection$mxobjectreferenceid" BIGINT NOT NULL,
	"mxmodelreflection$moduleid" BIGINT NOT NULL,
	PRIMARY KEY("mxmodelreflection$mxobjectreferenceid","mxmodelreflection$moduleid"));
CREATE INDEX "idx_mxmodelreflection$mxobjectreference_module_mxmodelreflection$module_mxmodelreflection$mxobjectreference" ON "mxmodelreflection$mxobjectreference_module" ("mxmodelreflection$moduleid","mxmodelreflection$mxobjectreferenceid");
INSERT INTO "mendixsystem$association" ("id", 
"association_name", 
"table_name", 
"parent_entity_id", 
"child_entity_id", 
"parent_column_name", 
"child_column_name", 
"index_name")
 VALUES ('b5fc2b8c-1f1c-42b1-aab7-f3b22566f219', 
'MxModelReflection.MxObjectReference_Module', 
'mxmodelreflection$mxobjectreference_module', 
'9ee050d2-f0a5-43ef-ad2a-9ea1a75f8341', 
'de85d14d-225f-4a2d-a578-4bbbd414eaad', 
'mxmodelreflection$mxobjectreferenceid', 
'mxmodelreflection$moduleid', 
'idx_mxmodelreflection$mxobjectreference_module_mxmodelreflection$module_mxmodelreflection$mxobjectreference');
CREATE TABLE "mxmodelreflection$mxobjectreference_mxobjecttype_child" (
	"mxmodelreflection$mxobjectreferenceid" BIGINT NOT NULL,
	"mxmodelreflection$mxobjecttypeid" BIGINT NOT NULL,
	PRIMARY KEY("mxmodelreflection$mxobjectreferenceid","mxmodelreflection$mxobjecttypeid"));
CREATE INDEX "idx_mxmodelreflection$mxobjectreference_mxobjecttype_child_mxmodelreflection$mxobjecttype_mxmodelreflection$mxobjectreference" ON "mxmodelreflection$mxobjectreference_mxobjecttype_child" ("mxmodelreflection$mxobjecttypeid","mxmodelreflection$mxobjectreferenceid");
INSERT INTO "mendixsystem$association" ("id", 
"association_name", 
"table_name", 
"parent_entity_id", 
"child_entity_id", 
"parent_column_name", 
"child_column_name", 
"index_name")
 VALUES ('60efc4e5-bfb7-4b28-86d0-ab3822fc7f57', 
'MxModelReflection.MxObjectReference_MxObjectType_Child', 
'mxmodelreflection$mxobjectreference_mxobjecttype_child', 
'9ee050d2-f0a5-43ef-ad2a-9ea1a75f8341', 
'853bb93d-4ce1-4b4e-99b8-70e7742ad108', 
'mxmodelreflection$mxobjectreferenceid', 
'mxmodelreflection$mxobjecttypeid', 
'idx_mxmodelreflection$mxobjectreference_mxobjecttype_child_mxmodelreflection$mxobjecttype_mxmodelreflection$mxobjectreference');
CREATE TABLE "mxmodelreflection$mxobjectreference_mxobjecttype_parent" (
	"mxmodelreflection$mxobjectreferenceid" BIGINT NOT NULL,
	"mxmodelreflection$mxobjecttypeid" BIGINT NOT NULL,
	PRIMARY KEY("mxmodelreflection$mxobjectreferenceid","mxmodelreflection$mxobjecttypeid"));
CREATE INDEX "idx_mxmodelreflection$mxobjectreference_mxobjecttype_parent_mxmodelreflection$mxobjecttype_mxmodelreflection$mxobjectreference" ON "mxmodelreflection$mxobjectreference_mxobjecttype_parent" ("mxmodelreflection$mxobjecttypeid","mxmodelreflection$mxobjectreferenceid");
INSERT INTO "mendixsystem$association" ("id", 
"association_name", 
"table_name", 
"parent_entity_id", 
"child_entity_id", 
"parent_column_name", 
"child_column_name", 
"index_name")
 VALUES ('21724df1-871e-4fc5-956f-c3ceb9d07efe', 
'MxModelReflection.MxObjectReference_MxObjectType_Parent', 
'mxmodelreflection$mxobjectreference_mxobjecttype_parent', 
'9ee050d2-f0a5-43ef-ad2a-9ea1a75f8341', 
'853bb93d-4ce1-4b4e-99b8-70e7742ad108', 
'mxmodelreflection$mxobjectreferenceid', 
'mxmodelreflection$mxobjecttypeid', 
'idx_mxmodelreflection$mxobjectreference_mxobjecttype_parent_mxmodelreflection$mxobjecttype_mxmodelreflection$mxobjectreference');
CREATE TABLE "encryption$pgpcertificate" (
	"id" BIGINT NOT NULL,
	"certificatetype" VARCHAR_IGNORECASE(10) NULL,
	"passphrase_plain" VARCHAR_IGNORECASE(20) NULL,
	"reference" VARCHAR_IGNORECASE(100) NULL,
	"passphrase_encrypted" VARCHAR_IGNORECASE(100) NULL,
	"emailaddress" VARCHAR_IGNORECASE(50) NULL,
	PRIMARY KEY("id"));
INSERT INTO "mendixsystem$entity" ("id", 
"entity_name", 
"table_name", 
"superentity_id")
 VALUES ('f4b75d6f-d1b3-4c58-8e8a-ffc85f883081', 
'Encryption.PGPCertificate', 
'encryption$pgpcertificate', 
'170ce49d-f29c-4fac-99a6-b55e8a3aeb39');
INSERT INTO "mendixsystem$attribute" ("id", 
"entity_id", 
"attribute_name", 
"column_name", 
"type", 
"length", 
"default_value", 
"is_auto_number")
 VALUES ('b9f3cd6d-7d42-49d7-9fb2-265612d292e8', 
'f4b75d6f-d1b3-4c58-8e8a-ffc85f883081', 
'CertificateType', 
'certificatetype', 
40, 
10, 
'', 
false);
INSERT INTO "mendixsystem$attribute" ("id", 
"entity_id", 
"attribute_name", 
"column_name", 
"type", 
"length", 
"default_value", 
"is_auto_number")
 VALUES ('b13fde32-3c5a-4380-b612-4dd0360afc24', 
'f4b75d6f-d1b3-4c58-8e8a-ffc85f883081', 
'PassPhrase_Plain', 
'passphrase_plain', 
30, 
20, 
'', 
false);
INSERT INTO "mendixsystem$attribute" ("id", 
"entity_id", 
"attribute_name", 
"column_name", 
"type", 
"length", 
"default_value", 
"is_auto_number")
 VALUES ('80965510-7222-4318-a8fa-6985022caec1', 
'f4b75d6f-d1b3-4c58-8e8a-ffc85f883081', 
'Reference', 
'reference', 
30, 
100, 
'', 
false);
INSERT INTO "mendixsystem$attribute" ("id", 
"entity_id", 
"attribute_name", 
"column_name", 
"type", 
"length", 
"default_value", 
"is_auto_number")
 VALUES ('2a151893-832f-4338-9bc7-81764369fd45', 
'f4b75d6f-d1b3-4c58-8e8a-ffc85f883081', 
'PassPhrase_Encrypted', 
'passphrase_encrypted', 
30, 
100, 
'', 
false);
INSERT INTO "mendixsystem$attribute" ("id", 
"entity_id", 
"attribute_name", 
"column_name", 
"type", 
"length", 
"default_value", 
"is_auto_number")
 VALUES ('f50808f9-1524-433c-87e0-e2768b474e85', 
'f4b75d6f-d1b3-4c58-8e8a-ffc85f883081', 
'EmailAddress', 
'emailaddress', 
30, 
50, 
'', 
false);
CREATE TABLE "encryption$secretkey_publickey" (
	"encryption$pgpcertificateid1" BIGINT NOT NULL,
	"encryption$pgpcertificateid2" BIGINT NOT NULL,
	PRIMARY KEY("encryption$pgpcertificateid1","encryption$pgpcertificateid2"));
CREATE INDEX "idx_encryption$secretkey_publickey_encryption$pgpcertificate_encryption$pgpcertificate" ON "encryption$secretkey_publickey" ("encryption$pgpcertificateid2","encryption$pgpcertificateid1");
INSERT INTO "mendixsystem$association" ("id", 
"association_name", 
"table_name", 
"parent_entity_id", 
"child_entity_id", 
"parent_column_name", 
"child_column_name", 
"index_name")
 VALUES ('f85e0f49-40a6-4d73-a511-6851817131c4', 
'Encryption.SecretKey_PublicKey', 
'encryption$secretkey_publickey', 
'f4b75d6f-d1b3-4c58-8e8a-ffc85f883081', 
'f4b75d6f-d1b3-4c58-8e8a-ffc85f883081', 
'encryption$pgpcertificateid1', 
'encryption$pgpcertificateid2', 
'idx_encryption$secretkey_publickey_encryption$pgpcertificate_encryption$pgpcertificate');
CREATE TABLE "mxmodelreflection$valuetype" (
	"id" BIGINT NOT NULL,
	"changeddate" TIMESTAMP NULL,
	"createddate" TIMESTAMP NULL,
	"typeenum" VARCHAR_IGNORECASE(11) NULL,
	"name" VARCHAR_IGNORECASE(200) NULL,
	"system$changedby" BIGINT NULL,
	"system$owner" BIGINT NULL,
	PRIMARY KEY("id"));
CREATE INDEX "idx_mxmodelreflection$valuetype_system$changedby" ON "mxmodelreflection$valuetype" ("system$changedby","id");
CREATE INDEX "idx_mxmodelreflection$valuetype_system$owner" ON "mxmodelreflection$valuetype" ("system$owner","id");
INSERT INTO "mendixsystem$entity" ("id", 
"entity_name", 
"table_name")
 VALUES ('d8411c82-79c5-4e5e-b345-58b68995e068', 
'MxModelReflection.ValueType', 
'mxmodelreflection$valuetype');
INSERT INTO "mendixsystem$attribute" ("id", 
"entity_id", 
"attribute_name", 
"column_name", 
"type", 
"length", 
"default_value", 
"is_auto_number")
 VALUES ('3b7d2743-5f9a-3c81-acd3-fd73a1eeddbd', 
'd8411c82-79c5-4e5e-b345-58b68995e068', 
'changedDate', 
'changeddate', 
20, 
0, 
'', 
false);
INSERT INTO "mendixsystem$attribute" ("id", 
"entity_id", 
"attribute_name", 
"column_name", 
"type", 
"length", 
"default_value", 
"is_auto_number")
 VALUES ('3644f596-b30d-371d-818e-8757e0dac5d1', 
'd8411c82-79c5-4e5e-b345-58b68995e068', 
'createdDate', 
'createddate', 
20, 
0, 
'', 
false);
INSERT INTO "mendixsystem$attribute" ("id", 
"entity_id", 
"attribute_name", 
"column_name", 
"type", 
"length", 
"default_value", 
"is_auto_number")
 VALUES ('aac6fcd3-9e04-4257-9d03-87239e649331', 
'd8411c82-79c5-4e5e-b345-58b68995e068', 
'TypeEnum', 
'typeenum', 
40, 
11, 
'', 
false);
INSERT INTO "mendixsystem$attribute" ("id", 
"entity_id", 
"attribute_name", 
"column_name", 
"type", 
"length", 
"default_value", 
"is_auto_number")
 VALUES ('76bba4de-34bd-4fa3-9c99-aedf805000ba', 
'd8411c82-79c5-4e5e-b345-58b68995e068', 
'Name', 
'name', 
30, 
200, 
'', 
false);
INSERT INTO "mendixsystem$index" ("id", 
"table_id", 
"index_name")
 VALUES ('01fcbd0a-8c11-32e3-b764-0f0b318d3755', 
'd8411c82-79c5-4e5e-b345-58b68995e068', 
'idx_mxmodelreflection$valuetype_system$changedby');
INSERT INTO "mendixsystem$index_column" ("index_id", 
"column_id", 
"sort_order", 
"ordinal")
 VALUES ('01fcbd0a-8c11-32e3-b764-0f0b318d3755', 
'4e249874-9a05-3b2b-9a0c-2ee515a8b2c7', 
false, 
0);
INSERT INTO "mendixsystem$index" ("id", 
"table_id", 
"index_name")
 VALUES ('dcb44223-769f-31ed-9368-4af7a2728d9a', 
'd8411c82-79c5-4e5e-b345-58b68995e068', 
'idx_mxmodelreflection$valuetype_system$owner');
INSERT INTO "mendixsystem$index_column" ("index_id", 
"column_id", 
"sort_order", 
"ordinal")
 VALUES ('dcb44223-769f-31ed-9368-4af7a2728d9a', 
'79d95b2e-cb3a-3ce4-a2f5-c498314a9f0f', 
false, 
0);
INSERT INTO "mendixsystem$association" ("id", 
"association_name", 
"table_name", 
"parent_entity_id", 
"child_entity_id", 
"parent_column_name", 
"child_column_name")
 VALUES ('4e249874-9a05-3b2b-9a0c-2ee515a8b2c7', 
'System.changedBy', 
'system$changedby', 
'd8411c82-79c5-4e5e-b345-58b68995e068', 
'282e2e60-88a5-469d-84a5-ba8d9151644f', 
'id', 
'system$changedby');
INSERT INTO "mendixsystem$association" ("id", 
"association_name", 
"table_name", 
"parent_entity_id", 
"child_entity_id", 
"parent_column_name", 
"child_column_name")
 VALUES ('79d95b2e-cb3a-3ce4-a2f5-c498314a9f0f', 
'System.owner', 
'system$owner', 
'd8411c82-79c5-4e5e-b345-58b68995e068', 
'282e2e60-88a5-469d-84a5-ba8d9151644f', 
'id', 
'system$owner');
CREATE TABLE "mxmodelreflection$valuetype_mxobjecttype" (
	"mxmodelreflection$valuetypeid" BIGINT NOT NULL,
	"mxmodelreflection$mxobjecttypeid" BIGINT NOT NULL,
	PRIMARY KEY("mxmodelreflection$valuetypeid","mxmodelreflection$mxobjecttypeid"));
CREATE INDEX "idx_mxmodelreflection$valuetype_mxobjecttype_mxmodelreflection$mxobjecttype_mxmodelreflection$valuetype" ON "mxmodelreflection$valuetype_mxobjecttype" ("mxmodelreflection$mxobjecttypeid","mxmodelreflection$valuetypeid");
INSERT INTO "mendixsystem$association" ("id", 
"association_name", 
"table_name", 
"parent_entity_id", 
"child_entity_id", 
"parent_column_name", 
"child_column_name", 
"index_name")
 VALUES ('8db7baa3-737a-4473-a76d-9709d9e16a81', 
'MxModelReflection.ValueType_MxObjectType', 
'mxmodelreflection$valuetype_mxobjecttype', 
'd8411c82-79c5-4e5e-b345-58b68995e068', 
'853bb93d-4ce1-4b4e-99b8-70e7742ad108', 
'mxmodelreflection$valuetypeid', 
'mxmodelreflection$mxobjecttypeid', 
'idx_mxmodelreflection$valuetype_mxobjecttype_mxmodelreflection$mxobjecttype_mxmodelreflection$valuetype');
CREATE TABLE "emailtemplate$email" (
	"id" BIGINT NOT NULL,
	"cc" VARCHAR_IGNORECASE(2147483647) NULL,
	"status" VARCHAR_IGNORECASE(6) NULL,
	"bcc" VARCHAR_IGNORECASE(2147483647) NULL,
	"from" VARCHAR_IGNORECASE(200) NULL,
	"queued" BOOLEAN NULL,
	"subject" VARCHAR_IGNORECASE(250) NULL,
	"date" TIMESTAMP NULL,
	"lastattempt" TIMESTAMP NULL,
	"lasterror" VARCHAR_IGNORECASE(2147483647) NULL,
	"useonlyplaintext" BOOLEAN NULL,
	"datesent" TIMESTAMP NULL,
	"htmlbody" VARCHAR_IGNORECASE(2147483647) NULL,
	"plainbody" VARCHAR_IGNORECASE(2147483647) NULL,
	"attempts" INT NULL,
	"to" VARCHAR_IGNORECASE(2147483647) NULL,
	PRIMARY KEY("id"));
CREATE INDEX "idx_emailtemplate$email_queued_status_lastattempt" ON "emailtemplate$email" ("queued","status","lastattempt","id");
CREATE INDEX "idx_emailtemplate$email_datesent" ON "emailtemplate$email" ("datesent","id");
CREATE INDEX "idx_emailtemplate$email_lastattempt_queued" ON "emailtemplate$email" ("lastattempt","queued","id");
INSERT INTO "mendixsystem$entity" ("id", 
"entity_name", 
"table_name")
 VALUES ('c138e620-db49-4e31-8634-c76b6b70f43b', 
'EmailTemplate.Email', 
'emailtemplate$email');
INSERT INTO "mendixsystem$attribute" ("id", 
"entity_id", 
"attribute_name", 
"column_name", 
"type", 
"length", 
"default_value", 
"is_auto_number")
 VALUES ('43c8cb90-df66-4ca4-a256-72d37967a4ec', 
'c138e620-db49-4e31-8634-c76b6b70f43b', 
'CC', 
'cc', 
30, 
0, 
'', 
false);
INSERT INTO "mendixsystem$attribute" ("id", 
"entity_id", 
"attribute_name", 
"column_name", 
"type", 
"length", 
"default_value", 
"is_auto_number")
 VALUES ('82153501-9600-4c34-93db-bf151c5a0d38', 
'c138e620-db49-4e31-8634-c76b6b70f43b', 
'Status', 
'status', 
40, 
6, 
'', 
false);
INSERT INTO "mendixsystem$attribute" ("id", 
"entity_id", 
"attribute_name", 
"column_name", 
"type", 
"length", 
"default_value", 
"is_auto_number")
 VALUES ('cd77ec12-f704-4d4e-a29f-836cf59f8e97', 
'c138e620-db49-4e31-8634-c76b6b70f43b', 
'BCC', 
'bcc', 
30, 
0, 
'', 
false);
INSERT INTO "mendixsystem$attribute" ("id", 
"entity_id", 
"attribute_name", 
"column_name", 
"type", 
"length", 
"default_value", 
"is_auto_number")
 VALUES ('57f573ed-6bb1-4d3c-a9fe-5dba0923c536', 
'c138e620-db49-4e31-8634-c76b6b70f43b', 
'From', 
'from', 
30, 
200, 
'', 
false);
INSERT INTO "mendixsystem$attribute" ("id", 
"entity_id", 
"attribute_name", 
"column_name", 
"type", 
"length", 
"default_value", 
"is_auto_number")
 VALUES ('cbb40f09-d71b-4ebf-af5d-98c1554bbcab', 
'c138e620-db49-4e31-8634-c76b6b70f43b', 
'Queued', 
'queued', 
10, 
0, 
'false', 
false);
INSERT INTO "mendixsystem$attribute" ("id", 
"entity_id", 
"attribute_name", 
"column_name", 
"type", 
"length", 
"default_value", 
"is_auto_number")
 VALUES ('f41bf4bc-f09b-45ac-8854-2d2c7405bc27', 
'c138e620-db49-4e31-8634-c76b6b70f43b', 
'Subject', 
'subject', 
30, 
250, 
'', 
false);
INSERT INTO "mendixsystem$attribute" ("id", 
"entity_id", 
"attribute_name", 
"column_name", 
"type", 
"length", 
"default_value", 
"is_auto_number")
 VALUES ('16dcb024-2815-4391-a665-4a340a0c359e', 
'c138e620-db49-4e31-8634-c76b6b70f43b', 
'Date', 
'date', 
20, 
0, 
'', 
false);
INSERT INTO "mendixsystem$attribute" ("id", 
"entity_id", 
"attribute_name", 
"column_name", 
"type", 
"length", 
"default_value", 
"is_auto_number")
 VALUES ('a92e62aa-4a8d-49c2-b944-d66d05b063ac', 
'c138e620-db49-4e31-8634-c76b6b70f43b', 
'LastAttempt', 
'lastattempt', 
20, 
0, 
'', 
false);
INSERT INTO "mendixsystem$attribute" ("id", 
"entity_id", 
"attribute_name", 
"column_name", 
"type", 
"length", 
"default_value", 
"is_auto_number")
 VALUES ('71acfc76-600f-449b-972d-0bd56fc2889e', 
'c138e620-db49-4e31-8634-c76b6b70f43b', 
'LastError', 
'lasterror', 
30, 
0, 
'', 
false);
INSERT INTO "mendixsystem$attribute" ("id", 
"entity_id", 
"attribute_name", 
"column_name", 
"type", 
"length", 
"default_value", 
"is_auto_number")
 VALUES ('5db864ad-d7c0-471b-b025-1b13fe0f73dd', 
'c138e620-db49-4e31-8634-c76b6b70f43b', 
'UseOnlyPlainText', 
'useonlyplaintext', 
10, 
0, 
'false', 
false);
INSERT INTO "mendixsystem$attribute" ("id", 
"entity_id", 
"attribute_name", 
"column_name", 
"type", 
"length", 
"default_value", 
"is_auto_number")
 VALUES ('4c8042be-41ff-4ea7-ab5e-d5cc8ca4651f', 
'c138e620-db49-4e31-8634-c76b6b70f43b', 
'DateSent', 
'datesent', 
20, 
0, 
'', 
false);
INSERT INTO "mendixsystem$attribute" ("id", 
"entity_id", 
"attribute_name", 
"column_name", 
"type", 
"length", 
"default_value", 
"is_auto_number")
 VALUES ('95fa73a4-d087-49c9-9d09-7b6f6cde8bf8', 
'c138e620-db49-4e31-8634-c76b6b70f43b', 
'HtmlBody', 
'htmlbody', 
30, 
0, 
'', 
false);
INSERT INTO "mendixsystem$attribute" ("id", 
"entity_id", 
"attribute_name", 
"column_name", 
"type", 
"length", 
"default_value", 
"is_auto_number")
 VALUES ('f025d994-5698-4312-a515-6e307a361624', 
'c138e620-db49-4e31-8634-c76b6b70f43b', 
'PlainBody', 
'plainbody', 
30, 
0, 
'', 
false);
INSERT INTO "mendixsystem$attribute" ("id", 
"entity_id", 
"attribute_name", 
"column_name", 
"type", 
"length", 
"default_value", 
"is_auto_number")
 VALUES ('7a2e5c05-cc9d-44d0-a9ba-8947962c8305', 
'c138e620-db49-4e31-8634-c76b6b70f43b', 
'Attempts', 
'attempts', 
3, 
0, 
'0', 
false);
INSERT INTO "mendixsystem$attribute" ("id", 
"entity_id", 
"attribute_name", 
"column_name", 
"type", 
"length", 
"default_value", 
"is_auto_number")
 VALUES ('2ec91362-8b95-440d-8011-ef67a602b110', 
'c138e620-db49-4e31-8634-c76b6b70f43b', 
'To', 
'to', 
30, 
0, 
'', 
false);
INSERT INTO "mendixsystem$index" ("id", 
"table_id", 
"index_name")
 VALUES ('3526ae72-664d-4819-b88b-d2e187f351a6', 
'c138e620-db49-4e31-8634-c76b6b70f43b', 
'idx_emailtemplate$email_queued_status_lastattempt');
INSERT INTO "mendixsystem$index_column" ("index_id", 
"column_id", 
"sort_order", 
"ordinal")
 VALUES ('3526ae72-664d-4819-b88b-d2e187f351a6', 
'cbb40f09-d71b-4ebf-af5d-98c1554bbcab', 
false, 
0);
INSERT INTO "mendixsystem$index_column" ("index_id", 
"column_id", 
"sort_order", 
"ordinal")
 VALUES ('3526ae72-664d-4819-b88b-d2e187f351a6', 
'82153501-9600-4c34-93db-bf151c5a0d38', 
false, 
1);
INSERT INTO "mendixsystem$index_column" ("index_id", 
"column_id", 
"sort_order", 
"ordinal")
 VALUES ('3526ae72-664d-4819-b88b-d2e187f351a6', 
'a92e62aa-4a8d-49c2-b944-d66d05b063ac', 
false, 
2);
INSERT INTO "mendixsystem$index" ("id", 
"table_id", 
"index_name")
 VALUES ('74b08a60-ce9c-4dae-8333-b05be36f1564', 
'c138e620-db49-4e31-8634-c76b6b70f43b', 
'idx_emailtemplate$email_datesent');
INSERT INTO "mendixsystem$index_column" ("index_id", 
"column_id", 
"sort_order", 
"ordinal")
 VALUES ('74b08a60-ce9c-4dae-8333-b05be36f1564', 
'4c8042be-41ff-4ea7-ab5e-d5cc8ca4651f', 
false, 
0);
INSERT INTO "mendixsystem$index" ("id", 
"table_id", 
"index_name")
 VALUES ('c6a3a730-120a-4ff0-8ad4-c58edec2a3b2', 
'c138e620-db49-4e31-8634-c76b6b70f43b', 
'idx_emailtemplate$email_lastattempt_queued');
INSERT INTO "mendixsystem$index_column" ("index_id", 
"column_id", 
"sort_order", 
"ordinal")
 VALUES ('c6a3a730-120a-4ff0-8ad4-c58edec2a3b2', 
'a92e62aa-4a8d-49c2-b944-d66d05b063ac', 
false, 
0);
INSERT INTO "mendixsystem$index_column" ("index_id", 
"column_id", 
"sort_order", 
"ordinal")
 VALUES ('c6a3a730-120a-4ff0-8ad4-c58edec2a3b2', 
'cbb40f09-d71b-4ebf-af5d-98c1554bbcab', 
false, 
1);
CREATE TABLE "emailtemplate$email_emailtemplate" (
	"emailtemplate$emailid" BIGINT NOT NULL,
	"emailtemplate$emailtemplateid" BIGINT NOT NULL,
	PRIMARY KEY("emailtemplate$emailid","emailtemplate$emailtemplateid"));
CREATE INDEX "idx_emailtemplate$email_emailtemplate_emailtemplate$emailtemplate_emailtemplate$email" ON "emailtemplate$email_emailtemplate" ("emailtemplate$emailtemplateid","emailtemplate$emailid");
INSERT INTO "mendixsystem$association" ("id", 
"association_name", 
"table_name", 
"parent_entity_id", 
"child_entity_id", 
"parent_column_name", 
"child_column_name", 
"index_name")
 VALUES ('326e9d6d-eb00-447a-83d0-2829e097d6a4', 
'EmailTemplate.Email_EmailTemplate', 
'emailtemplate$email_emailtemplate', 
'c138e620-db49-4e31-8634-c76b6b70f43b', 
'0fa6ad51-5a52-4702-8abb-f82725286aab', 
'emailtemplate$emailid', 
'emailtemplate$emailtemplateid', 
'idx_emailtemplate$email_emailtemplate_emailtemplate$emailtemplate_emailtemplate$email');
CREATE TABLE "mxmodelreflection$microflows" (
	"id" BIGINT NOT NULL,
	"changeddate" TIMESTAMP NULL,
	"createddate" TIMESTAMP NULL,
	"module" VARCHAR_IGNORECASE(200) NULL,
	"completename" VARCHAR_IGNORECASE(200) NULL,
	"name" VARCHAR_IGNORECASE(200) NULL,
	"system$changedby" BIGINT NULL,
	"system$owner" BIGINT NULL,
	PRIMARY KEY("id"));
CREATE INDEX "idx_mxmodelreflection$microflows_system$changedby" ON "mxmodelreflection$microflows" ("system$changedby","id");
CREATE INDEX "idx_mxmodelreflection$microflows_system$owner" ON "mxmodelreflection$microflows" ("system$owner","id");
INSERT INTO "mendixsystem$entity" ("id", 
"entity_name", 
"table_name")
 VALUES ('78000617-837b-45f7-8a73-aee0510f29ed', 
'MxModelReflection.Microflows', 
'mxmodelreflection$microflows');
INSERT INTO "mendixsystem$attribute" ("id", 
"entity_id", 
"attribute_name", 
"column_name", 
"type", 
"length", 
"default_value", 
"is_auto_number")
 VALUES ('5ed44a0e-b84a-3ecd-84ed-fa495c3c39cd', 
'78000617-837b-45f7-8a73-aee0510f29ed', 
'changedDate', 
'changeddate', 
20, 
0, 
'', 
false);
INSERT INTO "mendixsystem$attribute" ("id", 
"entity_id", 
"attribute_name", 
"column_name", 
"type", 
"length", 
"default_value", 
"is_auto_number")
 VALUES ('636c6efb-9c8a-366a-ae3e-a8e5af6d9ae1', 
'78000617-837b-45f7-8a73-aee0510f29ed', 
'createdDate', 
'createddate', 
20, 
0, 
'', 
false);
INSERT INTO "mendixsystem$attribute" ("id", 
"entity_id", 
"attribute_name", 
"column_name", 
"type", 
"length", 
"default_value", 
"is_auto_number")
 VALUES ('8e0563ce-978f-4728-a8ed-803982946916', 
'78000617-837b-45f7-8a73-aee0510f29ed', 
'Module', 
'module', 
30, 
200, 
'', 
false);
INSERT INTO "mendixsystem$attribute" ("id", 
"entity_id", 
"attribute_name", 
"column_name", 
"type", 
"length", 
"default_value", 
"is_auto_number")
 VALUES ('a4ea3a54-877e-4320-85f2-455c3f1d7112', 
'78000617-837b-45f7-8a73-aee0510f29ed', 
'CompleteName', 
'completename', 
30, 
200, 
'', 
false);
INSERT INTO "mendixsystem$attribute" ("id", 
"entity_id", 
"attribute_name", 
"column_name", 
"type", 
"length", 
"default_value", 
"is_auto_number")
 VALUES ('17a550a7-1e19-43a3-bbac-bf27318e1557', 
'78000617-837b-45f7-8a73-aee0510f29ed', 
'Name', 
'name', 
30, 
200, 
'', 
false);
INSERT INTO "mendixsystem$index" ("id", 
"table_id", 
"index_name")
 VALUES ('363f1212-d176-3151-82c9-13635d3c1183', 
'78000617-837b-45f7-8a73-aee0510f29ed', 
'idx_mxmodelreflection$microflows_system$changedby');
INSERT INTO "mendixsystem$index_column" ("index_id", 
"column_id", 
"sort_order", 
"ordinal")
 VALUES ('363f1212-d176-3151-82c9-13635d3c1183', 
'a3031818-7aff-38d9-a8b4-3dcb3d6c5a33', 
false, 
0);
INSERT INTO "mendixsystem$index" ("id", 
"table_id", 
"index_name")
 VALUES ('15999b41-4b54-38e2-82bc-99ffc27a5cfb', 
'78000617-837b-45f7-8a73-aee0510f29ed', 
'idx_mxmodelreflection$microflows_system$owner');
INSERT INTO "mendixsystem$index_column" ("index_id", 
"column_id", 
"sort_order", 
"ordinal")
 VALUES ('15999b41-4b54-38e2-82bc-99ffc27a5cfb', 
'244a47fb-bcfc-3ad7-8dbc-5d446310a65b', 
false, 
0);
INSERT INTO "mendixsystem$association" ("id", 
"association_name", 
"table_name", 
"parent_entity_id", 
"child_entity_id", 
"parent_column_name", 
"child_column_name")
 VALUES ('a3031818-7aff-38d9-a8b4-3dcb3d6c5a33', 
'System.changedBy', 
'system$changedby', 
'78000617-837b-45f7-8a73-aee0510f29ed', 
'282e2e60-88a5-469d-84a5-ba8d9151644f', 
'id', 
'system$changedby');
INSERT INTO "mendixsystem$association" ("id", 
"association_name", 
"table_name", 
"parent_entity_id", 
"child_entity_id", 
"parent_column_name", 
"child_column_name")
 VALUES ('244a47fb-bcfc-3ad7-8dbc-5d446310a65b', 
'System.owner', 
'system$owner', 
'78000617-837b-45f7-8a73-aee0510f29ed', 
'282e2e60-88a5-469d-84a5-ba8d9151644f', 
'id', 
'system$owner');
CREATE TABLE "mxmodelreflection$microflows_output_type" (
	"mxmodelreflection$microflowsid" BIGINT NOT NULL,
	"mxmodelreflection$valuetypeid" BIGINT NOT NULL,
	PRIMARY KEY("mxmodelreflection$microflowsid","mxmodelreflection$valuetypeid"));
CREATE INDEX "idx_mxmodelreflection$microflows_output_type_mxmodelreflection$valuetype_mxmodelreflection$microflows" ON "mxmodelreflection$microflows_output_type" ("mxmodelreflection$valuetypeid","mxmodelreflection$microflowsid");
INSERT INTO "mendixsystem$association" ("id", 
"association_name", 
"table_name", 
"parent_entity_id", 
"child_entity_id", 
"parent_column_name", 
"child_column_name", 
"index_name")
 VALUES ('e885baf6-7d80-4cd6-8d4a-ab37678d1244', 
'MxModelReflection.Microflows_Output_Type', 
'mxmodelreflection$microflows_output_type', 
'78000617-837b-45f7-8a73-aee0510f29ed', 
'd8411c82-79c5-4e5e-b345-58b68995e068', 
'mxmodelreflection$microflowsid', 
'mxmodelreflection$valuetypeid', 
'idx_mxmodelreflection$microflows_output_type_mxmodelreflection$valuetype_mxmodelreflection$microflows');
CREATE TABLE "mxmodelreflection$microflows_module" (
	"mxmodelreflection$microflowsid" BIGINT NOT NULL,
	"mxmodelreflection$moduleid" BIGINT NOT NULL,
	PRIMARY KEY("mxmodelreflection$microflowsid","mxmodelreflection$moduleid"));
CREATE INDEX "idx_mxmodelreflection$microflows_module_mxmodelreflection$module_mxmodelreflection$microflows" ON "mxmodelreflection$microflows_module" ("mxmodelreflection$moduleid","mxmodelreflection$microflowsid");
INSERT INTO "mendixsystem$association" ("id", 
"association_name", 
"table_name", 
"parent_entity_id", 
"child_entity_id", 
"parent_column_name", 
"child_column_name", 
"index_name")
 VALUES ('ad6f10df-bd7f-4f84-a921-29c8469d8ec5', 
'MxModelReflection.Microflows_Module', 
'mxmodelreflection$microflows_module', 
'78000617-837b-45f7-8a73-aee0510f29ed', 
'de85d14d-225f-4a2d-a578-4bbbd414eaad', 
'mxmodelreflection$microflowsid', 
'mxmodelreflection$moduleid', 
'idx_mxmodelreflection$microflows_module_mxmodelreflection$module_mxmodelreflection$microflows');
CREATE TABLE "mxmodelreflection$microflows_inputparameter" (
	"mxmodelreflection$microflowsid" BIGINT NOT NULL,
	"mxmodelreflection$parameterid" BIGINT NOT NULL,
	PRIMARY KEY("mxmodelreflection$microflowsid","mxmodelreflection$parameterid"));
CREATE INDEX "idx_mxmodelreflection$microflows_inputparameter_mxmodelreflection$parameter_mxmodelreflection$microflows" ON "mxmodelreflection$microflows_inputparameter" ("mxmodelreflection$parameterid","mxmodelreflection$microflowsid");
INSERT INTO "mendixsystem$association" ("id", 
"association_name", 
"table_name", 
"parent_entity_id", 
"child_entity_id", 
"parent_column_name", 
"child_column_name", 
"index_name")
 VALUES ('02ea7180-383b-42a8-8f1f-4af3936b5f18', 
'MxModelReflection.Microflows_InputParameter', 
'mxmodelreflection$microflows_inputparameter', 
'78000617-837b-45f7-8a73-aee0510f29ed', 
'75a297b1-cb50-4f8a-8345-1469394f9448', 
'mxmodelreflection$microflowsid', 
'mxmodelreflection$parameterid', 
'idx_mxmodelreflection$microflows_inputparameter_mxmodelreflection$parameter_mxmodelreflection$microflows');
CREATE TABLE "mxmodelreflection$mxobjectenum" (
	"id" BIGINT NOT NULL,
	PRIMARY KEY("id"));
INSERT INTO "mendixsystem$entity" ("id", 
"entity_name", 
"table_name", 
"superentity_id")
 VALUES ('14b5270b-a171-4973-a9bb-b5ada94768ab', 
'MxModelReflection.MxObjectEnum', 
'mxmodelreflection$mxobjectenum', 
'e6659b4d-142a-4670-b553-d0929dd79d32');
CREATE TABLE "mxmodelreflection$values" (
	"mxmodelreflection$mxobjectenumid" BIGINT NOT NULL,
	"mxmodelreflection$mxobjectenumvalueid" BIGINT NOT NULL,
	PRIMARY KEY("mxmodelreflection$mxobjectenumid","mxmodelreflection$mxobjectenumvalueid"));
CREATE INDEX "idx_mxmodelreflection$values_mxmodelreflection$mxobjectenumvalue_mxmodelreflection$mxobjectenum" ON "mxmodelreflection$values" ("mxmodelreflection$mxobjectenumvalueid","mxmodelreflection$mxobjectenumid");
INSERT INTO "mendixsystem$association" ("id", 
"association_name", 
"table_name", 
"parent_entity_id", 
"child_entity_id", 
"parent_column_name", 
"child_column_name", 
"index_name")
 VALUES ('80078630-2f5e-4568-9fb9-9e6c893c9bf9', 
'MxModelReflection.Values', 
'mxmodelreflection$values', 
'14b5270b-a171-4973-a9bb-b5ada94768ab', 
'c7928680-c2f2-45ac-a08e-286b1d1307e1', 
'mxmodelreflection$mxobjectenumid', 
'mxmodelreflection$mxobjectenumvalueid', 
'idx_mxmodelreflection$values_mxmodelreflection$mxobjectenumvalue_mxmodelreflection$mxobjectenum');
CREATE TABLE "encryption$exampleconfiguration" (
	"id" BIGINT NOT NULL,
	"createddate" TIMESTAMP NULL,
	"username" VARCHAR_IGNORECASE(200) NULL,
	"title" VARCHAR_IGNORECASE(200) NULL,
	"password" VARCHAR_IGNORECASE(200) NULL,
	PRIMARY KEY("id"));
INSERT INTO "mendixsystem$entity" ("id", 
"entity_name", 
"table_name")
 VALUES ('06e8e348-dbaa-446d-8679-a40dd943cbe2', 
'Encryption.ExampleConfiguration', 
'encryption$exampleconfiguration');
INSERT INTO "mendixsystem$attribute" ("id", 
"entity_id", 
"attribute_name", 
"column_name", 
"type", 
"length", 
"default_value", 
"is_auto_number")
 VALUES ('1ef3c051-b237-3d96-88f7-0e043eb79b56', 
'06e8e348-dbaa-446d-8679-a40dd943cbe2', 
'createdDate', 
'createddate', 
20, 
0, 
'', 
false);
INSERT INTO "mendixsystem$attribute" ("id", 
"entity_id", 
"attribute_name", 
"column_name", 
"type", 
"length", 
"default_value", 
"is_auto_number")
 VALUES ('44ae45da-6454-4077-a0e3-858906165adb', 
'06e8e348-dbaa-446d-8679-a40dd943cbe2', 
'Username', 
'username', 
30, 
200, 
'', 
false);
INSERT INTO "mendixsystem$attribute" ("id", 
"entity_id", 
"attribute_name", 
"column_name", 
"type", 
"length", 
"default_value", 
"is_auto_number")
 VALUES ('464866df-b6aa-4503-96ab-2ce93239f1ec', 
'06e8e348-dbaa-446d-8679-a40dd943cbe2', 
'Title', 
'title', 
30, 
200, 
'', 
false);
INSERT INTO "mendixsystem$attribute" ("id", 
"entity_id", 
"attribute_name", 
"column_name", 
"type", 
"length", 
"default_value", 
"is_auto_number")
 VALUES ('0650274c-15bd-45fd-a84e-ab3fcf028693', 
'06e8e348-dbaa-446d-8679-a40dd943cbe2', 
'Password', 
'password', 
30, 
200, 
'', 
false);
CREATE TABLE "mxmodelreflection$mxobjectenumvalue" (
	"id" BIGINT NOT NULL,
	"changeddate" TIMESTAMP NULL,
	"createddate" TIMESTAMP NULL,
	"name" VARCHAR_IGNORECASE(200) NULL,
	"system$owner" BIGINT NULL,
	"system$changedby" BIGINT NULL,
	PRIMARY KEY("id"));
CREATE INDEX "idx_mxmodelreflection$mxobjectenumvalue_system$owner" ON "mxmodelreflection$mxobjectenumvalue" ("system$owner","id");
CREATE INDEX "idx_mxmodelreflection$mxobjectenumvalue_system$changedby" ON "mxmodelreflection$mxobjectenumvalue" ("system$changedby","id");
INSERT INTO "mendixsystem$entity" ("id", 
"entity_name", 
"table_name")
 VALUES ('c7928680-c2f2-45ac-a08e-286b1d1307e1', 
'MxModelReflection.MxObjectEnumValue', 
'mxmodelreflection$mxobjectenumvalue');
INSERT INTO "mendixsystem$attribute" ("id", 
"entity_id", 
"attribute_name", 
"column_name", 
"type", 
"length", 
"default_value", 
"is_auto_number")
 VALUES ('b34dd510-3831-3ec7-930d-91d4497bfe88', 
'c7928680-c2f2-45ac-a08e-286b1d1307e1', 
'changedDate', 
'changeddate', 
20, 
0, 
'', 
false);
INSERT INTO "mendixsystem$attribute" ("id", 
"entity_id", 
"attribute_name", 
"column_name", 
"type", 
"length", 
"default_value", 
"is_auto_number")
 VALUES ('62830f71-4330-333a-ad73-71b09f0f68d7', 
'c7928680-c2f2-45ac-a08e-286b1d1307e1', 
'createdDate', 
'createddate', 
20, 
0, 
'', 
false);
INSERT INTO "mendixsystem$attribute" ("id", 
"entity_id", 
"attribute_name", 
"column_name", 
"type", 
"length", 
"default_value", 
"is_auto_number")
 VALUES ('9ad9345a-1ea8-4a0d-9e91-44eed60a6081', 
'c7928680-c2f2-45ac-a08e-286b1d1307e1', 
'Name', 
'name', 
30, 
200, 
'', 
false);
INSERT INTO "mendixsystem$index" ("id", 
"table_id", 
"index_name")
 VALUES ('b26acfdb-ebb1-358a-9f41-794c9279be90', 
'c7928680-c2f2-45ac-a08e-286b1d1307e1', 
'idx_mxmodelreflection$mxobjectenumvalue_system$owner');
INSERT INTO "mendixsystem$index_column" ("index_id", 
"column_id", 
"sort_order", 
"ordinal")
 VALUES ('b26acfdb-ebb1-358a-9f41-794c9279be90', 
'c80e0500-4391-3aff-b2b8-e82cef902f0f', 
false, 
0);
INSERT INTO "mendixsystem$index" ("id", 
"table_id", 
"index_name")
 VALUES ('0aee3a98-29f3-3f76-8d0e-6693453d4669', 
'c7928680-c2f2-45ac-a08e-286b1d1307e1', 
'idx_mxmodelreflection$mxobjectenumvalue_system$changedby');
INSERT INTO "mendixsystem$index_column" ("index_id", 
"column_id", 
"sort_order", 
"ordinal")
 VALUES ('0aee3a98-29f3-3f76-8d0e-6693453d4669', 
'c1d9fb25-59ab-3077-a992-067d0dfb63e2', 
false, 
0);
INSERT INTO "mendixsystem$association" ("id", 
"association_name", 
"table_name", 
"parent_entity_id", 
"child_entity_id", 
"parent_column_name", 
"child_column_name")
 VALUES ('c80e0500-4391-3aff-b2b8-e82cef902f0f', 
'System.owner', 
'system$owner', 
'c7928680-c2f2-45ac-a08e-286b1d1307e1', 
'282e2e60-88a5-469d-84a5-ba8d9151644f', 
'id', 
'system$owner');
INSERT INTO "mendixsystem$association" ("id", 
"association_name", 
"table_name", 
"parent_entity_id", 
"child_entity_id", 
"parent_column_name", 
"child_column_name")
 VALUES ('c1d9fb25-59ab-3077-a992-067d0dfb63e2', 
'System.changedBy', 
'system$changedby', 
'c7928680-c2f2-45ac-a08e-286b1d1307e1', 
'282e2e60-88a5-469d-84a5-ba8d9151644f', 
'id', 
'system$changedby');
CREATE TABLE "mxmodelreflection$captions" (
	"mxmodelreflection$mxobjectenumvalueid" BIGINT NOT NULL,
	"mxmodelreflection$mxobjectenumcaptionsid" BIGINT NOT NULL,
	PRIMARY KEY("mxmodelreflection$mxobjectenumvalueid","mxmodelreflection$mxobjectenumcaptionsid"));
CREATE INDEX "idx_mxmodelreflection$captions_mxmodelreflection$mxobjectenumcaptions_mxmodelreflection$mxobjectenumvalue" ON "mxmodelreflection$captions" ("mxmodelreflection$mxobjectenumcaptionsid","mxmodelreflection$mxobjectenumvalueid");
INSERT INTO "mendixsystem$association" ("id", 
"association_name", 
"table_name", 
"parent_entity_id", 
"child_entity_id", 
"parent_column_name", 
"child_column_name", 
"index_name")
 VALUES ('521ed3c3-2c9b-4504-aa12-4bf9c6a36acc', 
'MxModelReflection.Captions', 
'mxmodelreflection$captions', 
'c7928680-c2f2-45ac-a08e-286b1d1307e1', 
'83b80667-18a1-487c-8830-1692c3c8b9a1', 
'mxmodelreflection$mxobjectenumvalueid', 
'mxmodelreflection$mxobjectenumcaptionsid', 
'idx_mxmodelreflection$captions_mxmodelreflection$mxobjectenumcaptions_mxmodelreflection$mxobjectenumvalue');
CREATE TABLE "emailtemplate$emailsettings" (
	"id" BIGINT NOT NULL,
	"changeddate" TIMESTAMP NULL,
	"username" VARCHAR_IGNORECASE(200) NULL,
	"fromaddress" VARCHAR_IGNORECASE(200) NULL,
	"createddate" TIMESTAMP NULL,
	"server" VARCHAR_IGNORECASE(200) NULL,
	"port" INT NULL,
	"usessl" BOOLEAN NULL,
	"usetls" BOOLEAN NULL,
	"password" VARCHAR_IGNORECASE(200) NULL,
	"maxattempts" INT NULL,
	"system$owner" BIGINT NULL,
	"system$changedby" BIGINT NULL,
	PRIMARY KEY("id"));
CREATE INDEX "idx_emailtemplate$emailsettings_system$owner" ON "emailtemplate$emailsettings" ("system$owner","id");
CREATE INDEX "idx_emailtemplate$emailsettings_system$changedby" ON "emailtemplate$emailsettings" ("system$changedby","id");
INSERT INTO "mendixsystem$entity" ("id", 
"entity_name", 
"table_name")
 VALUES ('86deb7cd-d4b4-48f8-b4f8-ace6c27f4544', 
'EmailTemplate.EmailSettings', 
'emailtemplate$emailsettings');
INSERT INTO "mendixsystem$attribute" ("id", 
"entity_id", 
"attribute_name", 
"column_name", 
"type", 
"length", 
"default_value", 
"is_auto_number")
 VALUES ('04324eed-a4cb-3e7c-a143-4cad5b264329', 
'86deb7cd-d4b4-48f8-b4f8-ace6c27f4544', 
'changedDate', 
'changeddate', 
20, 
0, 
'', 
false);
INSERT INTO "mendixsystem$attribute" ("id", 
"entity_id", 
"attribute_name", 
"column_name", 
"type", 
"length", 
"default_value", 
"is_auto_number")
 VALUES ('612d9df5-f33f-4043-a883-f16e2b01f662', 
'86deb7cd-d4b4-48f8-b4f8-ace6c27f4544', 
'UserName', 
'username', 
30, 
200, 
'', 
false);
INSERT INTO "mendixsystem$attribute" ("id", 
"entity_id", 
"attribute_name", 
"column_name", 
"type", 
"length", 
"default_value", 
"is_auto_number")
 VALUES ('3a22ac7b-a5c6-44ed-9974-b8ab4f9b15c6', 
'86deb7cd-d4b4-48f8-b4f8-ace6c27f4544', 
'FromAddress', 
'fromaddress', 
30, 
200, 
'', 
false);
INSERT INTO "mendixsystem$attribute" ("id", 
"entity_id", 
"attribute_name", 
"column_name", 
"type", 
"length", 
"default_value", 
"is_auto_number")
 VALUES ('67599321-2b8e-37ea-a361-3d2a4f1223fb', 
'86deb7cd-d4b4-48f8-b4f8-ace6c27f4544', 
'createdDate', 
'createddate', 
20, 
0, 
'', 
false);
INSERT INTO "mendixsystem$attribute" ("id", 
"entity_id", 
"attribute_name", 
"column_name", 
"type", 
"length", 
"default_value", 
"is_auto_number")
 VALUES ('8ba19fb7-705a-46d2-9ab3-1672fef3596b', 
'86deb7cd-d4b4-48f8-b4f8-ace6c27f4544', 
'Server', 
'server', 
30, 
200, 
'', 
false);
INSERT INTO "mendixsystem$attribute" ("id", 
"entity_id", 
"attribute_name", 
"column_name", 
"type", 
"length", 
"default_value", 
"is_auto_number")
 VALUES ('349f36a6-527b-45e0-976b-4ca5d0f327bd', 
'86deb7cd-d4b4-48f8-b4f8-ace6c27f4544', 
'Port', 
'port', 
3, 
0, 
'', 
false);
INSERT INTO "mendixsystem$attribute" ("id", 
"entity_id", 
"attribute_name", 
"column_name", 
"type", 
"length", 
"default_value", 
"is_auto_number")
 VALUES ('a9914def-dca1-481e-9d49-eb490e000058', 
'86deb7cd-d4b4-48f8-b4f8-ace6c27f4544', 
'UseSSL', 
'usessl', 
10, 
0, 
'false', 
false);
INSERT INTO "mendixsystem$attribute" ("id", 
"entity_id", 
"attribute_name", 
"column_name", 
"type", 
"length", 
"default_value", 
"is_auto_number")
 VALUES ('48667827-a6df-433f-8a6f-5764ecc1272f', 
'86deb7cd-d4b4-48f8-b4f8-ace6c27f4544', 
'UseTLS', 
'usetls', 
10, 
0, 
'false', 
false);
INSERT INTO "mendixsystem$attribute" ("id", 
"entity_id", 
"attribute_name", 
"column_name", 
"type", 
"length", 
"default_value", 
"is_auto_number")
 VALUES ('4d762697-5dd3-4584-b542-de0acefb5369', 
'86deb7cd-d4b4-48f8-b4f8-ace6c27f4544', 
'Password', 
'password', 
30, 
200, 
'', 
false);
INSERT INTO "mendixsystem$attribute" ("id", 
"entity_id", 
"attribute_name", 
"column_name", 
"type", 
"length", 
"default_value", 
"is_auto_number")
 VALUES ('dcd85748-ce46-4796-957d-81a9c554e9c0', 
'86deb7cd-d4b4-48f8-b4f8-ace6c27f4544', 
'MaxAttempts', 
'maxattempts', 
3, 
0, 
'10', 
false);
INSERT INTO "mendixsystem$index" ("id", 
"table_id", 
"index_name")
 VALUES ('d5a74af8-998b-3d0e-ad9d-d0db033e6360', 
'86deb7cd-d4b4-48f8-b4f8-ace6c27f4544', 
'idx_emailtemplate$emailsettings_system$owner');
INSERT INTO "mendixsystem$index_column" ("index_id", 
"column_id", 
"sort_order", 
"ordinal")
 VALUES ('d5a74af8-998b-3d0e-ad9d-d0db033e6360', 
'494bf045-ee72-35bf-a07a-2a1be62710ca', 
false, 
0);
INSERT INTO "mendixsystem$index" ("id", 
"table_id", 
"index_name")
 VALUES ('bcbae1a7-f6e4-3421-813c-a459dc7add87', 
'86deb7cd-d4b4-48f8-b4f8-ace6c27f4544', 
'idx_emailtemplate$emailsettings_system$changedby');
INSERT INTO "mendixsystem$index_column" ("index_id", 
"column_id", 
"sort_order", 
"ordinal")
 VALUES ('bcbae1a7-f6e4-3421-813c-a459dc7add87', 
'71f7ae3b-a708-32f8-b74b-416759cf7c0d', 
false, 
0);
INSERT INTO "mendixsystem$association" ("id", 
"association_name", 
"table_name", 
"parent_entity_id", 
"child_entity_id", 
"parent_column_name", 
"child_column_name")
 VALUES ('494bf045-ee72-35bf-a07a-2a1be62710ca', 
'System.owner', 
'system$owner', 
'86deb7cd-d4b4-48f8-b4f8-ace6c27f4544', 
'282e2e60-88a5-469d-84a5-ba8d9151644f', 
'id', 
'system$owner');
INSERT INTO "mendixsystem$association" ("id", 
"association_name", 
"table_name", 
"parent_entity_id", 
"child_entity_id", 
"parent_column_name", 
"child_column_name")
 VALUES ('71f7ae3b-a708-32f8-b74b-416759cf7c0d', 
'System.changedBy', 
'system$changedby', 
'86deb7cd-d4b4-48f8-b4f8-ace6c27f4544', 
'282e2e60-88a5-469d-84a5-ba8d9151644f', 
'id', 
'system$changedby');
CREATE TABLE "mxmodelreflection$dbsizeestimate" (
	"id" BIGINT NOT NULL,
	"findobjecttype" VARCHAR_IGNORECASE(200) NULL,
	"calculatedsizeinkilobytes" BIGINT NULL,
	"calculatedsizeinbytes" BIGINT NULL,
	"nrofrecords" INT NULL,
	PRIMARY KEY("id"));
INSERT INTO "mendixsystem$entity" ("id", 
"entity_name", 
"table_name")
 VALUES ('477bd413-f1a7-49ce-8fde-865f29283f26', 
'MxModelReflection.DbSizeEstimate', 
'mxmodelreflection$dbsizeestimate');
INSERT INTO "mendixsystem$attribute" ("id", 
"entity_id", 
"attribute_name", 
"column_name", 
"type", 
"length", 
"default_value", 
"is_auto_number")
 VALUES ('ebaabc75-a150-4708-a5f0-1308d1052cac', 
'477bd413-f1a7-49ce-8fde-865f29283f26', 
'FindObjectType', 
'findobjecttype', 
30, 
200, 
'', 
false);
INSERT INTO "mendixsystem$attribute" ("id", 
"entity_id", 
"attribute_name", 
"column_name", 
"type", 
"length", 
"default_value", 
"is_auto_number")
 VALUES ('f7f33e1e-b3fb-4e93-8d56-3f5fbea2104d', 
'477bd413-f1a7-49ce-8fde-865f29283f26', 
'CalculatedSizeInKiloBytes', 
'calculatedsizeinkilobytes', 
4, 
0, 
'0', 
false);
INSERT INTO "mendixsystem$attribute" ("id", 
"entity_id", 
"attribute_name", 
"column_name", 
"type", 
"length", 
"default_value", 
"is_auto_number")
 VALUES ('7a223f6f-f58a-4edc-ac6e-dd935f5df6eb', 
'477bd413-f1a7-49ce-8fde-865f29283f26', 
'CalculatedSizeInBytes', 
'calculatedsizeinbytes', 
4, 
0, 
'0', 
false);
INSERT INTO "mendixsystem$attribute" ("id", 
"entity_id", 
"attribute_name", 
"column_name", 
"type", 
"length", 
"default_value", 
"is_auto_number")
 VALUES ('a36181af-d0c1-4b26-89eb-892707250822', 
'477bd413-f1a7-49ce-8fde-865f29283f26', 
'NrOfRecords', 
'nrofrecords', 
3, 
0, 
'', 
false);
CREATE TABLE "mxmodelreflection$dbsizeestimate_mxobjecttype" (
	"mxmodelreflection$dbsizeestimateid" BIGINT NOT NULL,
	"mxmodelreflection$mxobjecttypeid" BIGINT NOT NULL,
	PRIMARY KEY("mxmodelreflection$dbsizeestimateid","mxmodelreflection$mxobjecttypeid"));
CREATE INDEX "idx_mxmodelreflection$dbsizeestimate_mxobjecttype_mxmodelreflection$mxobjecttype_mxmodelreflection$dbsizeestimate" ON "mxmodelreflection$dbsizeestimate_mxobjecttype" ("mxmodelreflection$mxobjecttypeid","mxmodelreflection$dbsizeestimateid");
INSERT INTO "mendixsystem$association" ("id", 
"association_name", 
"table_name", 
"parent_entity_id", 
"child_entity_id", 
"parent_column_name", 
"child_column_name", 
"index_name")
 VALUES ('a13ae9fc-1d96-4bfc-8d16-2158a515d1f6', 
'MxModelReflection.DbSizeEstimate_MxObjectType', 
'mxmodelreflection$dbsizeestimate_mxobjecttype', 
'477bd413-f1a7-49ce-8fde-865f29283f26', 
'853bb93d-4ce1-4b4e-99b8-70e7742ad108', 
'mxmodelreflection$dbsizeestimateid', 
'mxmodelreflection$mxobjecttypeid', 
'idx_mxmodelreflection$dbsizeestimate_mxobjecttype_mxmodelreflection$mxobjecttype_mxmodelreflection$dbsizeestimate');
CREATE TABLE "mxmodelreflection$mxobjectmember" (
	"id" BIGINT NOT NULL,
	"changeddate" TIMESTAMP NULL,
	"descriptivename" VARCHAR_IGNORECASE(200) NULL,
	"createddate" TIMESTAMP NULL,
	"attributetype" VARCHAR_IGNORECASE(200) NULL,
	"fieldlength" INT NULL,
	"attributename" VARCHAR_IGNORECASE(200) NULL,
	"completename" VARCHAR_IGNORECASE(400) NULL,
	"isvirtual" BOOLEAN NULL,
	"attributetypeenum" VARCHAR_IGNORECASE(11) NULL,
	"submetaobjectname" VARCHAR_IGNORECASE(255) NULL,
	"system$changedby" BIGINT NULL,
	"system$owner" BIGINT NULL,
	PRIMARY KEY("id"));
CREATE INDEX "idx_mxmodelreflection$mxobjectmember_submetaobjectname" ON "mxmodelreflection$mxobjectmember" ("submetaobjectname","id");
CREATE INDEX "idx_mxmodelreflection$mxobjectmember_system$changedby" ON "mxmodelreflection$mxobjectmember" ("system$changedby","id");
CREATE INDEX "idx_mxmodelreflection$mxobjectmember_system$owner" ON "mxmodelreflection$mxobjectmember" ("system$owner","id");
INSERT INTO "mendixsystem$entity" ("id", 
"entity_name", 
"table_name")
 VALUES ('e6659b4d-142a-4670-b553-d0929dd79d32', 
'MxModelReflection.MxObjectMember', 
'mxmodelreflection$mxobjectmember');
INSERT INTO "mendixsystem$attribute" ("id", 
"entity_id", 
"attribute_name", 
"column_name", 
"type", 
"length", 
"default_value", 
"is_auto_number")
 VALUES ('8ae0c4a9-2681-38e0-9668-0830a4ea64ad', 
'e6659b4d-142a-4670-b553-d0929dd79d32', 
'changedDate', 
'changeddate', 
20, 
0, 
'', 
false);
INSERT INTO "mendixsystem$attribute" ("id", 
"entity_id", 
"attribute_name", 
"column_name", 
"type", 
"length", 
"default_value", 
"is_auto_number")
 VALUES ('f125a40a-bf97-4e56-9b16-eb0884ac8d69', 
'e6659b4d-142a-4670-b553-d0929dd79d32', 
'DescriptiveName', 
'descriptivename', 
30, 
200, 
'', 
false);
INSERT INTO "mendixsystem$attribute" ("id", 
"entity_id", 
"attribute_name", 
"column_name", 
"type", 
"length", 
"default_value", 
"is_auto_number")
 VALUES ('ce44a904-744d-3ac2-86e4-509c278ac42d', 
'e6659b4d-142a-4670-b553-d0929dd79d32', 
'createdDate', 
'createddate', 
20, 
0, 
'', 
false);
INSERT INTO "mendixsystem$attribute" ("id", 
"entity_id", 
"attribute_name", 
"column_name", 
"type", 
"length", 
"default_value", 
"is_auto_number")
 VALUES ('14272639-f186-4ca3-86df-b8ca19cc83d4', 
'e6659b4d-142a-4670-b553-d0929dd79d32', 
'AttributeType', 
'attributetype', 
30, 
200, 
'', 
false);
INSERT INTO "mendixsystem$attribute" ("id", 
"entity_id", 
"attribute_name", 
"column_name", 
"type", 
"length", 
"default_value", 
"is_auto_number")
 VALUES ('8f004bc2-b386-4ce9-b4c1-478e36d19940', 
'e6659b4d-142a-4670-b553-d0929dd79d32', 
'FieldLength', 
'fieldlength', 
3, 
0, 
'', 
false);
INSERT INTO "mendixsystem$attribute" ("id", 
"entity_id", 
"attribute_name", 
"column_name", 
"type", 
"length", 
"default_value", 
"is_auto_number")
 VALUES ('c7043396-7135-4fa5-8bb4-4bd3e621ef43', 
'e6659b4d-142a-4670-b553-d0929dd79d32', 
'AttributeName', 
'attributename', 
30, 
200, 
'', 
false);
INSERT INTO "mendixsystem$attribute" ("id", 
"entity_id", 
"attribute_name", 
"column_name", 
"type", 
"length", 
"default_value", 
"is_auto_number")
 VALUES ('e5791dea-6c67-44f1-bd24-11e44d64936e', 
'e6659b4d-142a-4670-b553-d0929dd79d32', 
'CompleteName', 
'completename', 
30, 
400, 
'', 
false);
INSERT INTO "mendixsystem$attribute" ("id", 
"entity_id", 
"attribute_name", 
"column_name", 
"type", 
"length", 
"default_value", 
"is_auto_number")
 VALUES ('f045f37f-c550-497f-86d0-2112873c122b', 
'e6659b4d-142a-4670-b553-d0929dd79d32', 
'IsVirtual', 
'isvirtual', 
10, 
0, 
'false', 
false);
INSERT INTO "mendixsystem$attribute" ("id", 
"entity_id", 
"attribute_name", 
"column_name", 
"type", 
"length", 
"default_value", 
"is_auto_number")
 VALUES ('7bc9b635-7d0e-43c0-badc-1c3443cc7d1a', 
'e6659b4d-142a-4670-b553-d0929dd79d32', 
'AttributeTypeEnum', 
'attributetypeenum', 
40, 
11, 
'', 
false);
INSERT INTO "mendixsystem$attribute" ("id", 
"entity_id", 
"attribute_name", 
"column_name", 
"type", 
"length", 
"default_value", 
"is_auto_number")
 VALUES ('346c0ed6-39d1-3eaf-99a5-62eaccf5ee09', 
'e6659b4d-142a-4670-b553-d0929dd79d32', 
'submetaobjectname', 
'submetaobjectname', 
30, 
255, 
'MxModelReflection.MxObjectMember', 
false);
INSERT INTO "mendixsystem$index" ("id", 
"table_id", 
"index_name")
 VALUES ('7f841821-917f-3c5c-bdc1-34ffa19e5f0c', 
'e6659b4d-142a-4670-b553-d0929dd79d32', 
'idx_mxmodelreflection$mxobjectmember_submetaobjectname');
INSERT INTO "mendixsystem$index_column" ("index_id", 
"column_id", 
"sort_order", 
"ordinal")
 VALUES ('7f841821-917f-3c5c-bdc1-34ffa19e5f0c', 
'346c0ed6-39d1-3eaf-99a5-62eaccf5ee09', 
false, 
0);
INSERT INTO "mendixsystem$index" ("id", 
"table_id", 
"index_name")
 VALUES ('5ca8bbb6-7199-3a10-8d13-87c8d30d44e2', 
'e6659b4d-142a-4670-b553-d0929dd79d32', 
'idx_mxmodelreflection$mxobjectmember_system$changedby');
INSERT INTO "mendixsystem$index_column" ("index_id", 
"column_id", 
"sort_order", 
"ordinal")
 VALUES ('5ca8bbb6-7199-3a10-8d13-87c8d30d44e2', 
'c6261850-b74d-3b47-b846-0ae78f031164', 
false, 
0);
INSERT INTO "mendixsystem$index" ("id", 
"table_id", 
"index_name")
 VALUES ('0d70b72a-d999-3a00-9b56-e0c5923a0c41', 
'e6659b4d-142a-4670-b553-d0929dd79d32', 
'idx_mxmodelreflection$mxobjectmember_system$owner');
INSERT INTO "mendixsystem$index_column" ("index_id", 
"column_id", 
"sort_order", 
"ordinal")
 VALUES ('0d70b72a-d999-3a00-9b56-e0c5923a0c41', 
'cc68566f-0439-3802-9605-e10bb436a130', 
false, 
0);
INSERT INTO "mendixsystem$association" ("id", 
"association_name", 
"table_name", 
"parent_entity_id", 
"child_entity_id", 
"parent_column_name", 
"child_column_name")
 VALUES ('c6261850-b74d-3b47-b846-0ae78f031164', 
'System.changedBy', 
'system$changedby', 
'e6659b4d-142a-4670-b553-d0929dd79d32', 
'282e2e60-88a5-469d-84a5-ba8d9151644f', 
'id', 
'system$changedby');
INSERT INTO "mendixsystem$association" ("id", 
"association_name", 
"table_name", 
"parent_entity_id", 
"child_entity_id", 
"parent_column_name", 
"child_column_name")
 VALUES ('cc68566f-0439-3802-9605-e10bb436a130', 
'System.owner', 
'system$owner', 
'e6659b4d-142a-4670-b553-d0929dd79d32', 
'282e2e60-88a5-469d-84a5-ba8d9151644f', 
'id', 
'system$owner');
CREATE TABLE "mxmodelreflection$mxobjectmember_type" (
	"mxmodelreflection$mxobjectmemberid" BIGINT NOT NULL,
	"mxmodelreflection$valuetypeid" BIGINT NOT NULL,
	PRIMARY KEY("mxmodelreflection$mxobjectmemberid","mxmodelreflection$valuetypeid"));
CREATE INDEX "idx_mxmodelreflection$mxobjectmember_type_mxmodelreflection$valuetype_mxmodelreflection$mxobjectmember" ON "mxmodelreflection$mxobjectmember_type" ("mxmodelreflection$valuetypeid","mxmodelreflection$mxobjectmemberid");
INSERT INTO "mendixsystem$association" ("id", 
"association_name", 
"table_name", 
"parent_entity_id", 
"child_entity_id", 
"parent_column_name", 
"child_column_name", 
"index_name")
 VALUES ('80e7473a-2a59-48fe-90ff-b258876f1ac3', 
'MxModelReflection.MxObjectMember_Type', 
'mxmodelreflection$mxobjectmember_type', 
'e6659b4d-142a-4670-b553-d0929dd79d32', 
'd8411c82-79c5-4e5e-b345-58b68995e068', 
'mxmodelreflection$mxobjectmemberid', 
'mxmodelreflection$valuetypeid', 
'idx_mxmodelreflection$mxobjectmember_type_mxmodelreflection$valuetype_mxmodelreflection$mxobjectmember');
CREATE TABLE "mxmodelreflection$mxobjectmember_mxobjecttype" (
	"mxmodelreflection$mxobjectmemberid" BIGINT NOT NULL,
	"mxmodelreflection$mxobjecttypeid" BIGINT NOT NULL,
	PRIMARY KEY("mxmodelreflection$mxobjectmemberid","mxmodelreflection$mxobjecttypeid"));
CREATE INDEX "idx_mxmodelreflection$mxobjectmember_mxobjecttype_mxmodelreflection$mxobjecttype_mxmodelreflection$mxobjectmember" ON "mxmodelreflection$mxobjectmember_mxobjecttype" ("mxmodelreflection$mxobjecttypeid","mxmodelreflection$mxobjectmemberid");
INSERT INTO "mendixsystem$association" ("id", 
"association_name", 
"table_name", 
"parent_entity_id", 
"child_entity_id", 
"parent_column_name", 
"child_column_name", 
"index_name")
 VALUES ('8d94b4fd-c016-4686-a9a6-443b19027c26', 
'MxModelReflection.MxObjectMember_MxObjectType', 
'mxmodelreflection$mxobjectmember_mxobjecttype', 
'e6659b4d-142a-4670-b553-d0929dd79d32', 
'853bb93d-4ce1-4b4e-99b8-70e7742ad108', 
'mxmodelreflection$mxobjectmemberid', 
'mxmodelreflection$mxobjecttypeid', 
'idx_mxmodelreflection$mxobjectmember_mxobjecttype_mxmodelreflection$mxobjecttype_mxmodelreflection$mxobjectmember');
CREATE TABLE "emailtemplate$emailtemplate" (
	"id" BIGINT NOT NULL,
	"cc" VARCHAR_IGNORECASE(2147483647) NULL,
	"creationdate" TIMESTAMP NULL,
	"changeddate" TIMESTAMP NULL,
	"useonlyplaintext" BOOLEAN NULL,
	"bcc" VARCHAR_IGNORECASE(2147483647) NULL,
	"createddate" TIMESTAMP NULL,
	"htmlbody" VARCHAR_IGNORECASE(2147483647) NULL,
	"plainbody" VARCHAR_IGNORECASE(2147483647) NULL,
	"templatename" VARCHAR_IGNORECASE(200) NULL,
	"to" VARCHAR_IGNORECASE(2147483647) NULL,
	"from" VARCHAR_IGNORECASE(200) NULL,
	"subject" VARCHAR_IGNORECASE(200) NULL,
	"system$changedby" BIGINT NULL,
	"system$owner" BIGINT NULL,
	PRIMARY KEY("id"));
CREATE INDEX "idx_emailtemplate$emailtemplate_system$changedby" ON "emailtemplate$emailtemplate" ("system$changedby","id");
CREATE INDEX "idx_emailtemplate$emailtemplate_system$owner" ON "emailtemplate$emailtemplate" ("system$owner","id");
INSERT INTO "mendixsystem$entity" ("id", 
"entity_name", 
"table_name")
 VALUES ('0fa6ad51-5a52-4702-8abb-f82725286aab', 
'EmailTemplate.EmailTemplate', 
'emailtemplate$emailtemplate');
INSERT INTO "mendixsystem$attribute" ("id", 
"entity_id", 
"attribute_name", 
"column_name", 
"type", 
"length", 
"default_value", 
"is_auto_number")
 VALUES ('b671cd1c-dc84-4273-b538-1c7697028583', 
'0fa6ad51-5a52-4702-8abb-f82725286aab', 
'CC', 
'cc', 
30, 
0, 
'', 
false);
INSERT INTO "mendixsystem$attribute" ("id", 
"entity_id", 
"attribute_name", 
"column_name", 
"type", 
"length", 
"default_value", 
"is_auto_number")
 VALUES ('43adca77-5cac-41f6-abc4-cd402ff6ccd3', 
'0fa6ad51-5a52-4702-8abb-f82725286aab', 
'CreationDate', 
'creationdate', 
20, 
0, 
'', 
false);
INSERT INTO "mendixsystem$attribute" ("id", 
"entity_id", 
"attribute_name", 
"column_name", 
"type", 
"length", 
"default_value", 
"is_auto_number")
 VALUES ('d100ee51-8c2b-3f89-853b-654bd4993811', 
'0fa6ad51-5a52-4702-8abb-f82725286aab', 
'changedDate', 
'changeddate', 
20, 
0, 
'', 
false);
INSERT INTO "mendixsystem$attribute" ("id", 
"entity_id", 
"attribute_name", 
"column_name", 
"type", 
"length", 
"default_value", 
"is_auto_number")
 VALUES ('44386f55-7691-4f2c-a5a4-96637db36642', 
'0fa6ad51-5a52-4702-8abb-f82725286aab', 
'UseOnlyPlainText', 
'useonlyplaintext', 
10, 
0, 
'false', 
false);
INSERT INTO "mendixsystem$attribute" ("id", 
"entity_id", 
"attribute_name", 
"column_name", 
"type", 
"length", 
"default_value", 
"is_auto_number")
 VALUES ('93381004-1182-4b5e-b273-fe002200c211', 
'0fa6ad51-5a52-4702-8abb-f82725286aab', 
'BCC', 
'bcc', 
30, 
0, 
'', 
false);
INSERT INTO "mendixsystem$attribute" ("id", 
"entity_id", 
"attribute_name", 
"column_name", 
"type", 
"length", 
"default_value", 
"is_auto_number")
 VALUES ('86fe0b26-9e09-356e-86c7-d6e7dc58c696', 
'0fa6ad51-5a52-4702-8abb-f82725286aab', 
'createdDate', 
'createddate', 
20, 
0, 
'', 
false);
INSERT INTO "mendixsystem$attribute" ("id", 
"entity_id", 
"attribute_name", 
"column_name", 
"type", 
"length", 
"default_value", 
"is_auto_number")
 VALUES ('ed60dc0f-9ae9-4ed9-b5be-28a2b20ad070', 
'0fa6ad51-5a52-4702-8abb-f82725286aab', 
'HtmlBody', 
'htmlbody', 
30, 
0, 
'', 
false);
INSERT INTO "mendixsystem$attribute" ("id", 
"entity_id", 
"attribute_name", 
"column_name", 
"type", 
"length", 
"default_value", 
"is_auto_number")
 VALUES ('25ac6b35-3d63-4aa4-899e-ed48e22f2095', 
'0fa6ad51-5a52-4702-8abb-f82725286aab', 
'PlainBody', 
'plainbody', 
30, 
0, 
'', 
false);
INSERT INTO "mendixsystem$attribute" ("id", 
"entity_id", 
"attribute_name", 
"column_name", 
"type", 
"length", 
"default_value", 
"is_auto_number")
 VALUES ('ce1034fe-cb97-4bd4-bb75-a4e06a7af8a0', 
'0fa6ad51-5a52-4702-8abb-f82725286aab', 
'TemplateName', 
'templatename', 
30, 
200, 
'', 
false);
INSERT INTO "mendixsystem$attribute" ("id", 
"entity_id", 
"attribute_name", 
"column_name", 
"type", 
"length", 
"default_value", 
"is_auto_number")
 VALUES ('7109201a-d0a6-43b0-b66e-da9b3a9eaef2', 
'0fa6ad51-5a52-4702-8abb-f82725286aab', 
'To', 
'to', 
30, 
0, 
'', 
false);
INSERT INTO "mendixsystem$attribute" ("id", 
"entity_id", 
"attribute_name", 
"column_name", 
"type", 
"length", 
"default_value", 
"is_auto_number")
 VALUES ('664ecf05-55a5-4a9f-980c-c8c38c527ed7', 
'0fa6ad51-5a52-4702-8abb-f82725286aab', 
'From', 
'from', 
30, 
200, 
'', 
false);
INSERT INTO "mendixsystem$attribute" ("id", 
"entity_id", 
"attribute_name", 
"column_name", 
"type", 
"length", 
"default_value", 
"is_auto_number")
 VALUES ('4ad99240-39d9-45a3-8461-ce16839b66bd', 
'0fa6ad51-5a52-4702-8abb-f82725286aab', 
'Subject', 
'subject', 
30, 
200, 
'', 
false);
INSERT INTO "mendixsystem$index" ("id", 
"table_id", 
"index_name")
 VALUES ('224fe8b8-bfdf-3d74-81c2-e56ccc1c8d6b', 
'0fa6ad51-5a52-4702-8abb-f82725286aab', 
'idx_emailtemplate$emailtemplate_system$changedby');
INSERT INTO "mendixsystem$index_column" ("index_id", 
"column_id", 
"sort_order", 
"ordinal")
 VALUES ('224fe8b8-bfdf-3d74-81c2-e56ccc1c8d6b', 
'b1ce0666-1e82-3ffc-a9b1-edf185812525', 
false, 
0);
INSERT INTO "mendixsystem$index" ("id", 
"table_id", 
"index_name")
 VALUES ('c86483c6-61fd-3344-938e-df9012819263', 
'0fa6ad51-5a52-4702-8abb-f82725286aab', 
'idx_emailtemplate$emailtemplate_system$owner');
INSERT INTO "mendixsystem$index_column" ("index_id", 
"column_id", 
"sort_order", 
"ordinal")
 VALUES ('c86483c6-61fd-3344-938e-df9012819263', 
'5d8835ac-826c-357c-8ec0-152b5885c07a', 
false, 
0);
INSERT INTO "mendixsystem$association" ("id", 
"association_name", 
"table_name", 
"parent_entity_id", 
"child_entity_id", 
"parent_column_name", 
"child_column_name")
 VALUES ('b1ce0666-1e82-3ffc-a9b1-edf185812525', 
'System.changedBy', 
'system$changedby', 
'0fa6ad51-5a52-4702-8abb-f82725286aab', 
'282e2e60-88a5-469d-84a5-ba8d9151644f', 
'id', 
'system$changedby');
INSERT INTO "mendixsystem$association" ("id", 
"association_name", 
"table_name", 
"parent_entity_id", 
"child_entity_id", 
"parent_column_name", 
"child_column_name")
 VALUES ('5d8835ac-826c-357c-8ec0-152b5885c07a', 
'System.owner', 
'system$owner', 
'0fa6ad51-5a52-4702-8abb-f82725286aab', 
'282e2e60-88a5-469d-84a5-ba8d9151644f', 
'id', 
'system$owner');
CREATE TABLE "emailtemplate$emailtemplate_mxobjecttype" (
	"emailtemplate$emailtemplateid" BIGINT NOT NULL,
	"mxmodelreflection$mxobjecttypeid" BIGINT NOT NULL,
	PRIMARY KEY("emailtemplate$emailtemplateid","mxmodelreflection$mxobjecttypeid"));
CREATE INDEX "idx_emailtemplate$emailtemplate_mxobjecttype_mxmodelreflection$mxobjecttype_emailtemplate$emailtemplate" ON "emailtemplate$emailtemplate_mxobjecttype" ("mxmodelreflection$mxobjecttypeid","emailtemplate$emailtemplateid");
INSERT INTO "mendixsystem$association" ("id", 
"association_name", 
"table_name", 
"parent_entity_id", 
"child_entity_id", 
"parent_column_name", 
"child_column_name", 
"index_name")
 VALUES ('a4345c77-bc4f-48fc-a977-8888c896c4be', 
'EmailTemplate.EmailTemplate_MxObjectType', 
'emailtemplate$emailtemplate_mxobjecttype', 
'0fa6ad51-5a52-4702-8abb-f82725286aab', 
'853bb93d-4ce1-4b4e-99b8-70e7742ad108', 
'emailtemplate$emailtemplateid', 
'mxmodelreflection$mxobjecttypeid', 
'idx_emailtemplate$emailtemplate_mxobjecttype_mxmodelreflection$mxobjecttype_emailtemplate$emailtemplate');
CREATE TABLE "emailtemplate$emailtemplate_token" (
	"emailtemplate$emailtemplateid" BIGINT NOT NULL,
	"mxmodelreflection$tokenid" BIGINT NOT NULL,
	PRIMARY KEY("emailtemplate$emailtemplateid","mxmodelreflection$tokenid"));
CREATE INDEX "idx_emailtemplate$emailtemplate_token_mxmodelreflection$token_emailtemplate$emailtemplate" ON "emailtemplate$emailtemplate_token" ("mxmodelreflection$tokenid","emailtemplate$emailtemplateid");
INSERT INTO "mendixsystem$association" ("id", 
"association_name", 
"table_name", 
"parent_entity_id", 
"child_entity_id", 
"parent_column_name", 
"child_column_name", 
"index_name")
 VALUES ('340ec5ee-2f0f-4f5c-a868-81ff10b58b8b', 
'EmailTemplate.EmailTemplate_Token', 
'emailtemplate$emailtemplate_token', 
'0fa6ad51-5a52-4702-8abb-f82725286aab', 
'58ad8a31-745b-4c6a-a03e-48c6e30d379e', 
'emailtemplate$emailtemplateid', 
'mxmodelreflection$tokenid', 
'idx_emailtemplate$emailtemplate_token_mxmodelreflection$token_emailtemplate$emailtemplate');
CREATE TABLE "emailtemplate$header" (
	"id" BIGINT NOT NULL,
	"value" VARCHAR_IGNORECASE(2147483647) NULL,
	"name" VARCHAR_IGNORECASE(200) NULL,
	PRIMARY KEY("id"));
INSERT INTO "mendixsystem$entity" ("id", 
"entity_name", 
"table_name")
 VALUES ('597bf949-c5bf-493d-8a09-770cbe6cda20', 
'EmailTemplate.Header', 
'emailtemplate$header');
INSERT INTO "mendixsystem$attribute" ("id", 
"entity_id", 
"attribute_name", 
"column_name", 
"type", 
"length", 
"default_value", 
"is_auto_number")
 VALUES ('e563e37c-19de-4038-93b5-46376dd2ad1a', 
'597bf949-c5bf-493d-8a09-770cbe6cda20', 
'Value', 
'value', 
30, 
0, 
'', 
false);
INSERT INTO "mendixsystem$attribute" ("id", 
"entity_id", 
"attribute_name", 
"column_name", 
"type", 
"length", 
"default_value", 
"is_auto_number")
 VALUES ('d89c9119-0202-40b8-ad8d-d8baab38daff', 
'597bf949-c5bf-493d-8a09-770cbe6cda20', 
'Name', 
'name', 
30, 
200, 
'', 
false);
CREATE TABLE "emailtemplate$header_email" (
	"emailtemplate$headerid" BIGINT NOT NULL,
	"emailtemplate$emailid" BIGINT NOT NULL,
	PRIMARY KEY("emailtemplate$headerid","emailtemplate$emailid"));
CREATE INDEX "idx_emailtemplate$header_email_emailtemplate$email_emailtemplate$header" ON "emailtemplate$header_email" ("emailtemplate$emailid","emailtemplate$headerid");
INSERT INTO "mendixsystem$association" ("id", 
"association_name", 
"table_name", 
"parent_entity_id", 
"child_entity_id", 
"parent_column_name", 
"child_column_name", 
"index_name")
 VALUES ('fa4c0eaa-f471-4659-ab3d-f5249c42ac3b', 
'EmailTemplate.Header_Email', 
'emailtemplate$header_email', 
'597bf949-c5bf-493d-8a09-770cbe6cda20', 
'c138e620-db49-4e31-8634-c76b6b70f43b', 
'emailtemplate$headerid', 
'emailtemplate$emailid', 
'idx_emailtemplate$header_email_emailtemplate$email_emailtemplate$header');
CREATE TABLE "mxmodelreflection$parameter" (
	"id" BIGINT NOT NULL,
	"changeddate" TIMESTAMP NULL,
	"createddate" TIMESTAMP NULL,
	"name" VARCHAR_IGNORECASE(200) NULL,
	"system$changedby" BIGINT NULL,
	"system$owner" BIGINT NULL,
	PRIMARY KEY("id"));
CREATE INDEX "idx_mxmodelreflection$parameter_system$changedby" ON "mxmodelreflection$parameter" ("system$changedby","id");
CREATE INDEX "idx_mxmodelreflection$parameter_system$owner" ON "mxmodelreflection$parameter" ("system$owner","id");
INSERT INTO "mendixsystem$entity" ("id", 
"entity_name", 
"table_name")
 VALUES ('75a297b1-cb50-4f8a-8345-1469394f9448', 
'MxModelReflection.Parameter', 
'mxmodelreflection$parameter');
INSERT INTO "mendixsystem$attribute" ("id", 
"entity_id", 
"attribute_name", 
"column_name", 
"type", 
"length", 
"default_value", 
"is_auto_number")
 VALUES ('5041aa21-b5bd-31ed-a07e-7665d754507c', 
'75a297b1-cb50-4f8a-8345-1469394f9448', 
'changedDate', 
'changeddate', 
20, 
0, 
'', 
false);
INSERT INTO "mendixsystem$attribute" ("id", 
"entity_id", 
"attribute_name", 
"column_name", 
"type", 
"length", 
"default_value", 
"is_auto_number")
 VALUES ('3e365cf9-b92d-3a9a-9363-14fb309a5773', 
'75a297b1-cb50-4f8a-8345-1469394f9448', 
'createdDate', 
'createddate', 
20, 
0, 
'', 
false);
INSERT INTO "mendixsystem$attribute" ("id", 
"entity_id", 
"attribute_name", 
"column_name", 
"type", 
"length", 
"default_value", 
"is_auto_number")
 VALUES ('ad78b2ec-976f-4a72-9368-0f0c1380624b', 
'75a297b1-cb50-4f8a-8345-1469394f9448', 
'Name', 
'name', 
30, 
200, 
'', 
false);
INSERT INTO "mendixsystem$index" ("id", 
"table_id", 
"index_name")
 VALUES ('d9da623d-ed0b-3f8e-9b12-1898a963edbe', 
'75a297b1-cb50-4f8a-8345-1469394f9448', 
'idx_mxmodelreflection$parameter_system$changedby');
INSERT INTO "mendixsystem$index_column" ("index_id", 
"column_id", 
"sort_order", 
"ordinal")
 VALUES ('d9da623d-ed0b-3f8e-9b12-1898a963edbe', 
'1c4cc015-b0bd-33fc-b110-9a3d1bc9ec76', 
false, 
0);
INSERT INTO "mendixsystem$index" ("id", 
"table_id", 
"index_name")
 VALUES ('1f94e1fd-3cdb-3c78-98b5-12409598d574', 
'75a297b1-cb50-4f8a-8345-1469394f9448', 
'idx_mxmodelreflection$parameter_system$owner');
INSERT INTO "mendixsystem$index_column" ("index_id", 
"column_id", 
"sort_order", 
"ordinal")
 VALUES ('1f94e1fd-3cdb-3c78-98b5-12409598d574', 
'ae1971f0-c04f-32d1-bf75-12d2d46a3db4', 
false, 
0);
INSERT INTO "mendixsystem$association" ("id", 
"association_name", 
"table_name", 
"parent_entity_id", 
"child_entity_id", 
"parent_column_name", 
"child_column_name")
 VALUES ('1c4cc015-b0bd-33fc-b110-9a3d1bc9ec76', 
'System.changedBy', 
'system$changedby', 
'75a297b1-cb50-4f8a-8345-1469394f9448', 
'282e2e60-88a5-469d-84a5-ba8d9151644f', 
'id', 
'system$changedby');
INSERT INTO "mendixsystem$association" ("id", 
"association_name", 
"table_name", 
"parent_entity_id", 
"child_entity_id", 
"parent_column_name", 
"child_column_name")
 VALUES ('ae1971f0-c04f-32d1-bf75-12d2d46a3db4', 
'System.owner', 
'system$owner', 
'75a297b1-cb50-4f8a-8345-1469394f9448', 
'282e2e60-88a5-469d-84a5-ba8d9151644f', 
'id', 
'system$owner');
CREATE TABLE "mxmodelreflection$parameter_mxobjecttype" (
	"mxmodelreflection$parameterid" BIGINT NOT NULL,
	"mxmodelreflection$mxobjecttypeid" BIGINT NOT NULL,
	PRIMARY KEY("mxmodelreflection$parameterid","mxmodelreflection$mxobjecttypeid"));
CREATE INDEX "idx_mxmodelreflection$parameter_mxobjecttype_mxmodelreflection$mxobjecttype_mxmodelreflection$parameter" ON "mxmodelreflection$parameter_mxobjecttype" ("mxmodelreflection$mxobjecttypeid","mxmodelreflection$parameterid");
INSERT INTO "mendixsystem$association" ("id", 
"association_name", 
"table_name", 
"parent_entity_id", 
"child_entity_id", 
"parent_column_name", 
"child_column_name", 
"index_name")
 VALUES ('3937cc34-901b-4a4f-a76f-93f53fd7e109', 
'MxModelReflection.Parameter_MxObjectType', 
'mxmodelreflection$parameter_mxobjecttype', 
'75a297b1-cb50-4f8a-8345-1469394f9448', 
'853bb93d-4ce1-4b4e-99b8-70e7742ad108', 
'mxmodelreflection$parameterid', 
'mxmodelreflection$mxobjecttypeid', 
'idx_mxmodelreflection$parameter_mxobjecttype_mxmodelreflection$mxobjecttype_mxmodelreflection$parameter');
CREATE TABLE "mxmodelreflection$parameter_valuetype" (
	"mxmodelreflection$parameterid" BIGINT NOT NULL,
	"mxmodelreflection$valuetypeid" BIGINT NOT NULL,
	PRIMARY KEY("mxmodelreflection$parameterid","mxmodelreflection$valuetypeid"));
CREATE INDEX "idx_mxmodelreflection$parameter_valuetype_mxmodelreflection$valuetype_mxmodelreflection$parameter" ON "mxmodelreflection$parameter_valuetype" ("mxmodelreflection$valuetypeid","mxmodelreflection$parameterid");
INSERT INTO "mendixsystem$association" ("id", 
"association_name", 
"table_name", 
"parent_entity_id", 
"child_entity_id", 
"parent_column_name", 
"child_column_name", 
"index_name")
 VALUES ('37860f2d-f0d2-44b9-91a6-aad9ed815a1e', 
'MxModelReflection.Parameter_ValueType', 
'mxmodelreflection$parameter_valuetype', 
'75a297b1-cb50-4f8a-8345-1469394f9448', 
'd8411c82-79c5-4e5e-b345-58b68995e068', 
'mxmodelreflection$parameterid', 
'mxmodelreflection$valuetypeid', 
'idx_mxmodelreflection$parameter_valuetype_mxmodelreflection$valuetype_mxmodelreflection$parameter');
CREATE TABLE "mxmodelreflection$token" (
	"id" BIGINT NOT NULL,
	"status" VARCHAR_IGNORECASE(7) NULL,
	"findreference" VARCHAR_IGNORECASE(200) NULL,
	"findobjectstart" VARCHAR_IGNORECASE(200) NULL,
	"displaypattern" VARCHAR_IGNORECASE(50) NULL,
	"description" VARCHAR_IGNORECASE(300) NULL,
	"metamodelpath" VARCHAR_IGNORECASE(1000) NULL,
	"token" VARCHAR_IGNORECASE(50) NULL,
	"prefix" VARCHAR_IGNORECASE(3) NULL,
	"findobjectreference" VARCHAR_IGNORECASE(200) NULL,
	"findmember" VARCHAR_IGNORECASE(200) NULL,
	"changeddate" TIMESTAMP NULL,
	"tokentype" VARCHAR_IGNORECASE(9) NULL,
	"suffix" VARCHAR_IGNORECASE(3) NULL,
	"findmemberreference" VARCHAR_IGNORECASE(200) NULL,
	"createddate" TIMESTAMP NULL,
	"isoptional" BOOLEAN NULL,
	"combinedtoken" VARCHAR_IGNORECASE(56) NULL,
	"system$changedby" BIGINT NULL,
	"system$owner" BIGINT NULL,
	PRIMARY KEY("id"));
CREATE INDEX "idx_mxmodelreflection$token_combinedtoken" ON "mxmodelreflection$token" ("combinedtoken","id");
CREATE INDEX "idx_mxmodelreflection$token_system$changedby" ON "mxmodelreflection$token" ("system$changedby","id");
CREATE INDEX "idx_mxmodelreflection$token_system$owner" ON "mxmodelreflection$token" ("system$owner","id");
INSERT INTO "mendixsystem$entity" ("id", 
"entity_name", 
"table_name")
 VALUES ('58ad8a31-745b-4c6a-a03e-48c6e30d379e', 
'MxModelReflection.Token', 
'mxmodelreflection$token');
INSERT INTO "mendixsystem$attribute" ("id", 
"entity_id", 
"attribute_name", 
"column_name", 
"type", 
"length", 
"default_value", 
"is_auto_number")
 VALUES ('b12d7251-d2c4-4aaf-86e1-0f352a0d2071', 
'58ad8a31-745b-4c6a-a03e-48c6e30d379e', 
'Status', 
'status', 
40, 
7, 
'Invalid', 
false);
INSERT INTO "mendixsystem$attribute" ("id", 
"entity_id", 
"attribute_name", 
"column_name", 
"type", 
"length", 
"default_value", 
"is_auto_number")
 VALUES ('a415186a-8e8f-4c5e-949b-f833d68d4ef0', 
'58ad8a31-745b-4c6a-a03e-48c6e30d379e', 
'FindReference', 
'findreference', 
30, 
200, 
'', 
false);
INSERT INTO "mendixsystem$attribute" ("id", 
"entity_id", 
"attribute_name", 
"column_name", 
"type", 
"length", 
"default_value", 
"is_auto_number")
 VALUES ('4c893dab-543a-404e-a14d-d08f8f56c5ba', 
'58ad8a31-745b-4c6a-a03e-48c6e30d379e', 
'FindObjectStart', 
'findobjectstart', 
30, 
200, 
'', 
false);
INSERT INTO "mendixsystem$attribute" ("id", 
"entity_id", 
"attribute_name", 
"column_name", 
"type", 
"length", 
"default_value", 
"is_auto_number")
 VALUES ('19bed34c-6553-44fe-91fd-24dcc9909ea9', 
'58ad8a31-745b-4c6a-a03e-48c6e30d379e', 
'DisplayPattern', 
'displaypattern', 
30, 
50, 
'', 
false);
INSERT INTO "mendixsystem$attribute" ("id", 
"entity_id", 
"attribute_name", 
"column_name", 
"type", 
"length", 
"default_value", 
"is_auto_number")
 VALUES ('f692c9d7-3029-436f-b9c7-6407c0d9e5e8', 
'58ad8a31-745b-4c6a-a03e-48c6e30d379e', 
'Description', 
'description', 
30, 
300, 
'', 
false);
INSERT INTO "mendixsystem$attribute" ("id", 
"entity_id", 
"attribute_name", 
"column_name", 
"type", 
"length", 
"default_value", 
"is_auto_number")
 VALUES ('2202fe41-3deb-4d4e-8a83-b519b709b769', 
'58ad8a31-745b-4c6a-a03e-48c6e30d379e', 
'MetaModelPath', 
'metamodelpath', 
30, 
1000, 
'', 
false);
INSERT INTO "mendixsystem$attribute" ("id", 
"entity_id", 
"attribute_name", 
"column_name", 
"type", 
"length", 
"default_value", 
"is_auto_number")
 VALUES ('74213991-4f2b-4059-8e7e-8e91fd0137f8', 
'58ad8a31-745b-4c6a-a03e-48c6e30d379e', 
'Token', 
'token', 
30, 
50, 
'', 
false);
INSERT INTO "mendixsystem$attribute" ("id", 
"entity_id", 
"attribute_name", 
"column_name", 
"type", 
"length", 
"default_value", 
"is_auto_number")
 VALUES ('5d882f4a-8ade-44da-9c65-d81225d3738a', 
'58ad8a31-745b-4c6a-a03e-48c6e30d379e', 
'Prefix', 
'prefix', 
30, 
3, 
'{%', 
false);
INSERT INTO "mendixsystem$attribute" ("id", 
"entity_id", 
"attribute_name", 
"column_name", 
"type", 
"length", 
"default_value", 
"is_auto_number")
 VALUES ('e1977d01-6c01-4e7c-a07e-21af94b3f075', 
'58ad8a31-745b-4c6a-a03e-48c6e30d379e', 
'FindObjectReference', 
'findobjectreference', 
30, 
200, 
'', 
false);
INSERT INTO "mendixsystem$attribute" ("id", 
"entity_id", 
"attribute_name", 
"column_name", 
"type", 
"length", 
"default_value", 
"is_auto_number")
 VALUES ('799ddb5e-c72f-4321-8c1a-41446b88ece1', 
'58ad8a31-745b-4c6a-a03e-48c6e30d379e', 
'FindMember', 
'findmember', 
30, 
200, 
'', 
false);
INSERT INTO "mendixsystem$attribute" ("id", 
"entity_id", 
"attribute_name", 
"column_name", 
"type", 
"length", 
"default_value", 
"is_auto_number")
 VALUES ('6fcf266e-3e84-3a3e-8b90-f20e3dbec402', 
'58ad8a31-745b-4c6a-a03e-48c6e30d379e', 
'changedDate', 
'changeddate', 
20, 
0, 
'', 
false);
INSERT INTO "mendixsystem$attribute" ("id", 
"entity_id", 
"attribute_name", 
"column_name", 
"type", 
"length", 
"default_value", 
"is_auto_number")
 VALUES ('3db3e40d-1ad3-4e2e-abbc-9db778281179', 
'58ad8a31-745b-4c6a-a03e-48c6e30d379e', 
'TokenType', 
'tokentype', 
40, 
9, 
'', 
false);
INSERT INTO "mendixsystem$attribute" ("id", 
"entity_id", 
"attribute_name", 
"column_name", 
"type", 
"length", 
"default_value", 
"is_auto_number")
 VALUES ('470980a1-749d-43aa-85c0-8d656656b3d6', 
'58ad8a31-745b-4c6a-a03e-48c6e30d379e', 
'Suffix', 
'suffix', 
30, 
3, 
'%}', 
false);
INSERT INTO "mendixsystem$attribute" ("id", 
"entity_id", 
"attribute_name", 
"column_name", 
"type", 
"length", 
"default_value", 
"is_auto_number")
 VALUES ('543259f2-081c-4689-bd6b-b6b1f06eca6c', 
'58ad8a31-745b-4c6a-a03e-48c6e30d379e', 
'FindMemberReference', 
'findmemberreference', 
30, 
200, 
'', 
false);
INSERT INTO "mendixsystem$attribute" ("id", 
"entity_id", 
"attribute_name", 
"column_name", 
"type", 
"length", 
"default_value", 
"is_auto_number")
 VALUES ('91b523bb-3193-371a-95ef-57ef8431747c', 
'58ad8a31-745b-4c6a-a03e-48c6e30d379e', 
'createdDate', 
'createddate', 
20, 
0, 
'', 
false);
INSERT INTO "mendixsystem$attribute" ("id", 
"entity_id", 
"attribute_name", 
"column_name", 
"type", 
"length", 
"default_value", 
"is_auto_number")
 VALUES ('25737ae3-f530-4568-ad29-747ce934014e', 
'58ad8a31-745b-4c6a-a03e-48c6e30d379e', 
'IsOptional', 
'isoptional', 
10, 
0, 
'false', 
false);
INSERT INTO "mendixsystem$attribute" ("id", 
"entity_id", 
"attribute_name", 
"column_name", 
"type", 
"length", 
"default_value", 
"is_auto_number")
 VALUES ('d6e33271-22ff-465c-9ab2-06e7d0bc49b7', 
'58ad8a31-745b-4c6a-a03e-48c6e30d379e', 
'CombinedToken', 
'combinedtoken', 
30, 
56, 
'', 
false);
INSERT INTO "mendixsystem$index" ("id", 
"table_id", 
"index_name")
 VALUES ('4c457d58-a315-4f2e-b111-78c795e04a6c', 
'58ad8a31-745b-4c6a-a03e-48c6e30d379e', 
'idx_mxmodelreflection$token_combinedtoken');
INSERT INTO "mendixsystem$index_column" ("index_id", 
"column_id", 
"sort_order", 
"ordinal")
 VALUES ('4c457d58-a315-4f2e-b111-78c795e04a6c', 
'd6e33271-22ff-465c-9ab2-06e7d0bc49b7', 
false, 
0);
INSERT INTO "mendixsystem$index" ("id", 
"table_id", 
"index_name")
 VALUES ('5bd62e4e-92fe-343f-b904-b8fc6b5095ad', 
'58ad8a31-745b-4c6a-a03e-48c6e30d379e', 
'idx_mxmodelreflection$token_system$changedby');
INSERT INTO "mendixsystem$index_column" ("index_id", 
"column_id", 
"sort_order", 
"ordinal")
 VALUES ('5bd62e4e-92fe-343f-b904-b8fc6b5095ad', 
'e1047ab0-9d8d-3548-8d1a-6849f60e686d', 
false, 
0);
INSERT INTO "mendixsystem$index" ("id", 
"table_id", 
"index_name")
 VALUES ('d9d53c6f-4f54-387a-8897-34b8b0b9ee84', 
'58ad8a31-745b-4c6a-a03e-48c6e30d379e', 
'idx_mxmodelreflection$token_system$owner');
INSERT INTO "mendixsystem$index_column" ("index_id", 
"column_id", 
"sort_order", 
"ordinal")
 VALUES ('d9d53c6f-4f54-387a-8897-34b8b0b9ee84', 
'4b776bb3-81ec-3f91-a49c-e74ef56aade1', 
false, 
0);
INSERT INTO "mendixsystem$association" ("id", 
"association_name", 
"table_name", 
"parent_entity_id", 
"child_entity_id", 
"parent_column_name", 
"child_column_name")
 VALUES ('e1047ab0-9d8d-3548-8d1a-6849f60e686d', 
'System.changedBy', 
'system$changedby', 
'58ad8a31-745b-4c6a-a03e-48c6e30d379e', 
'282e2e60-88a5-469d-84a5-ba8d9151644f', 
'id', 
'system$changedby');
INSERT INTO "mendixsystem$association" ("id", 
"association_name", 
"table_name", 
"parent_entity_id", 
"child_entity_id", 
"parent_column_name", 
"child_column_name")
 VALUES ('4b776bb3-81ec-3f91-a49c-e74ef56aade1', 
'System.owner', 
'system$owner', 
'58ad8a31-745b-4c6a-a03e-48c6e30d379e', 
'282e2e60-88a5-469d-84a5-ba8d9151644f', 
'id', 
'system$owner');
CREATE TABLE "mxmodelreflection$token_mxobjecttype_start" (
	"mxmodelreflection$tokenid" BIGINT NOT NULL,
	"mxmodelreflection$mxobjecttypeid" BIGINT NOT NULL,
	PRIMARY KEY("mxmodelreflection$tokenid","mxmodelreflection$mxobjecttypeid"));
CREATE INDEX "idx_mxmodelreflection$token_mxobjecttype_start_mxmodelreflection$mxobjecttype_mxmodelreflection$token" ON "mxmodelreflection$token_mxobjecttype_start" ("mxmodelreflection$mxobjecttypeid","mxmodelreflection$tokenid");
INSERT INTO "mendixsystem$association" ("id", 
"association_name", 
"table_name", 
"parent_entity_id", 
"child_entity_id", 
"parent_column_name", 
"child_column_name", 
"index_name")
 VALUES ('685cd0ca-b88c-4944-9c56-76846b319245', 
'MxModelReflection.Token_MxObjectType_Start', 
'mxmodelreflection$token_mxobjecttype_start', 
'58ad8a31-745b-4c6a-a03e-48c6e30d379e', 
'853bb93d-4ce1-4b4e-99b8-70e7742ad108', 
'mxmodelreflection$tokenid', 
'mxmodelreflection$mxobjecttypeid', 
'idx_mxmodelreflection$token_mxobjecttype_start_mxmodelreflection$mxobjecttype_mxmodelreflection$token');
CREATE TABLE "mxmodelreflection$token_mxobjectmember" (
	"mxmodelreflection$tokenid" BIGINT NOT NULL,
	"mxmodelreflection$mxobjectmemberid" BIGINT NOT NULL,
	PRIMARY KEY("mxmodelreflection$tokenid","mxmodelreflection$mxobjectmemberid"));
CREATE INDEX "idx_mxmodelreflection$token_mxobjectmember_mxmodelreflection$mxobjectmember_mxmodelreflection$token" ON "mxmodelreflection$token_mxobjectmember" ("mxmodelreflection$mxobjectmemberid","mxmodelreflection$tokenid");
INSERT INTO "mendixsystem$association" ("id", 
"association_name", 
"table_name", 
"parent_entity_id", 
"child_entity_id", 
"parent_column_name", 
"child_column_name", 
"index_name")
 VALUES ('ea5db1b7-148f-4afb-90d3-53e11018805a', 
'MxModelReflection.Token_MxObjectMember', 
'mxmodelreflection$token_mxobjectmember', 
'58ad8a31-745b-4c6a-a03e-48c6e30d379e', 
'e6659b4d-142a-4670-b553-d0929dd79d32', 
'mxmodelreflection$tokenid', 
'mxmodelreflection$mxobjectmemberid', 
'idx_mxmodelreflection$token_mxobjectmember_mxmodelreflection$mxobjectmember_mxmodelreflection$token');
CREATE TABLE "mxmodelreflection$token_mxobjectreference" (
	"mxmodelreflection$tokenid" BIGINT NOT NULL,
	"mxmodelreflection$mxobjectreferenceid" BIGINT NOT NULL,
	PRIMARY KEY("mxmodelreflection$tokenid","mxmodelreflection$mxobjectreferenceid"));
CREATE INDEX "idx_mxmodelreflection$token_mxobjectreference_mxmodelreflection$mxobjectreference_mxmodelreflection$token" ON "mxmodelreflection$token_mxobjectreference" ("mxmodelreflection$mxobjectreferenceid","mxmodelreflection$tokenid");
INSERT INTO "mendixsystem$association" ("id", 
"association_name", 
"table_name", 
"parent_entity_id", 
"child_entity_id", 
"parent_column_name", 
"child_column_name", 
"index_name")
 VALUES ('4c0eda6d-5d49-429f-a13f-d4ab103245ed', 
'MxModelReflection.Token_MxObjectReference', 
'mxmodelreflection$token_mxobjectreference', 
'58ad8a31-745b-4c6a-a03e-48c6e30d379e', 
'9ee050d2-f0a5-43ef-ad2a-9ea1a75f8341', 
'mxmodelreflection$tokenid', 
'mxmodelreflection$mxobjectreferenceid', 
'idx_mxmodelreflection$token_mxobjectreference_mxmodelreflection$mxobjectreference_mxmodelreflection$token');
CREATE TABLE "mxmodelreflection$token_mxobjecttype_referenced" (
	"mxmodelreflection$tokenid" BIGINT NOT NULL,
	"mxmodelreflection$mxobjecttypeid" BIGINT NOT NULL,
	PRIMARY KEY("mxmodelreflection$tokenid","mxmodelreflection$mxobjecttypeid"));
CREATE INDEX "idx_mxmodelreflection$token_mxobjecttype_referenced_mxmodelreflection$mxobjecttype_mxmodelreflection$token" ON "mxmodelreflection$token_mxobjecttype_referenced" ("mxmodelreflection$mxobjecttypeid","mxmodelreflection$tokenid");
INSERT INTO "mendixsystem$association" ("id", 
"association_name", 
"table_name", 
"parent_entity_id", 
"child_entity_id", 
"parent_column_name", 
"child_column_name", 
"index_name")
 VALUES ('a1c6f88b-f36d-46a3-9150-390f017386bb', 
'MxModelReflection.Token_MxObjectType_Referenced', 
'mxmodelreflection$token_mxobjecttype_referenced', 
'58ad8a31-745b-4c6a-a03e-48c6e30d379e', 
'853bb93d-4ce1-4b4e-99b8-70e7742ad108', 
'mxmodelreflection$tokenid', 
'mxmodelreflection$mxobjecttypeid', 
'idx_mxmodelreflection$token_mxobjecttype_referenced_mxmodelreflection$mxobjecttype_mxmodelreflection$token');
CREATE TABLE "emailtemplate$emaillog" (
	"id" BIGINT NOT NULL,
	"triggeredinmf" VARCHAR_IGNORECASE(200) NULL,
	"message" VARCHAR_IGNORECASE(2147483647) NULL,
	"stacktrace" VARCHAR_IGNORECASE(2147483647) NULL,
	"logtype" VARCHAR_IGNORECASE(7) NULL,
	"errormessage" VARCHAR_IGNORECASE(2147483647) NULL,
	"created" TIMESTAMP NULL,
	PRIMARY KEY("id"));
CREATE INDEX "idx_emailtemplate$emaillog_created" ON "emailtemplate$emaillog" ("created","id");
INSERT INTO "mendixsystem$entity" ("id", 
"entity_name", 
"table_name")
 VALUES ('4e8119a0-ece4-4d99-8228-d6b51ff805ca', 
'EmailTemplate.EmailLog', 
'emailtemplate$emaillog');
INSERT INTO "mendixsystem$attribute" ("id", 
"entity_id", 
"attribute_name", 
"column_name", 
"type", 
"length", 
"default_value", 
"is_auto_number")
 VALUES ('fa23521a-bae1-40e7-8869-5f0af448abca', 
'4e8119a0-ece4-4d99-8228-d6b51ff805ca', 
'TriggeredInMF', 
'triggeredinmf', 
30, 
200, 
'', 
false);
INSERT INTO "mendixsystem$attribute" ("id", 
"entity_id", 
"attribute_name", 
"column_name", 
"type", 
"length", 
"default_value", 
"is_auto_number")
 VALUES ('dc24e658-80f5-469d-8ccf-9743c59af7c3', 
'4e8119a0-ece4-4d99-8228-d6b51ff805ca', 
'Message', 
'message', 
30, 
0, 
'', 
false);
INSERT INTO "mendixsystem$attribute" ("id", 
"entity_id", 
"attribute_name", 
"column_name", 
"type", 
"length", 
"default_value", 
"is_auto_number")
 VALUES ('112f601b-faeb-4a55-b0e5-e55ded163a6b', 
'4e8119a0-ece4-4d99-8228-d6b51ff805ca', 
'StackTrace', 
'stacktrace', 
30, 
0, 
'', 
false);
INSERT INTO "mendixsystem$attribute" ("id", 
"entity_id", 
"attribute_name", 
"column_name", 
"type", 
"length", 
"default_value", 
"is_auto_number")
 VALUES ('a8720ffa-9ee9-40d9-9130-307be7cbf172', 
'4e8119a0-ece4-4d99-8228-d6b51ff805ca', 
'Logtype', 
'logtype', 
40, 
7, 
'', 
false);
INSERT INTO "mendixsystem$attribute" ("id", 
"entity_id", 
"attribute_name", 
"column_name", 
"type", 
"length", 
"default_value", 
"is_auto_number")
 VALUES ('1c58c1e1-5e8e-4e7e-90df-7d7ce5405751', 
'4e8119a0-ece4-4d99-8228-d6b51ff805ca', 
'ErrorMessage', 
'errormessage', 
30, 
0, 
'', 
false);
INSERT INTO "mendixsystem$attribute" ("id", 
"entity_id", 
"attribute_name", 
"column_name", 
"type", 
"length", 
"default_value", 
"is_auto_number")
 VALUES ('b857a07e-8e90-4878-a786-aa11ef63fc06', 
'4e8119a0-ece4-4d99-8228-d6b51ff805ca', 
'Created', 
'created', 
20, 
0, 
'', 
false);
INSERT INTO "mendixsystem$index" ("id", 
"table_id", 
"index_name")
 VALUES ('d0d40b11-f83f-439e-b4ba-b41db514eaab', 
'4e8119a0-ece4-4d99-8228-d6b51ff805ca', 
'idx_emailtemplate$emaillog_created');
INSERT INTO "mendixsystem$index_column" ("index_id", 
"column_id", 
"sort_order", 
"ordinal")
 VALUES ('d0d40b11-f83f-439e-b4ba-b41db514eaab', 
'b857a07e-8e90-4878-a786-aa11ef63fc06', 
false, 
0);
CREATE TABLE "mxmodelreflection$mxobjectenumcaptions" (
	"id" BIGINT NOT NULL,
	"languagecode" VARCHAR_IGNORECASE(8) NULL,
	"changeddate" TIMESTAMP NULL,
	"createddate" TIMESTAMP NULL,
	"languagename" VARCHAR_IGNORECASE(200) NULL,
	"caption" VARCHAR_IGNORECASE(200) NULL,
	"system$owner" BIGINT NULL,
	"system$changedby" BIGINT NULL,
	PRIMARY KEY("id"));
CREATE INDEX "idx_mxmodelreflection$mxobjectenumcaptions_system$owner" ON "mxmodelreflection$mxobjectenumcaptions" ("system$owner","id");
CREATE INDEX "idx_mxmodelreflection$mxobjectenumcaptions_system$changedby" ON "mxmodelreflection$mxobjectenumcaptions" ("system$changedby","id");
INSERT INTO "mendixsystem$entity" ("id", 
"entity_name", 
"table_name")
 VALUES ('83b80667-18a1-487c-8830-1692c3c8b9a1', 
'MxModelReflection.MxObjectEnumCaptions', 
'mxmodelreflection$mxobjectenumcaptions');
INSERT INTO "mendixsystem$attribute" ("id", 
"entity_id", 
"attribute_name", 
"column_name", 
"type", 
"length", 
"default_value", 
"is_auto_number")
 VALUES ('f4887099-b637-4a43-803a-1ddc42625074', 
'83b80667-18a1-487c-8830-1692c3c8b9a1', 
'LanguageCode', 
'languagecode', 
30, 
8, 
'', 
false);
INSERT INTO "mendixsystem$attribute" ("id", 
"entity_id", 
"attribute_name", 
"column_name", 
"type", 
"length", 
"default_value", 
"is_auto_number")
 VALUES ('90e2ecf9-b285-30bd-b5c2-7b866187b1ec', 
'83b80667-18a1-487c-8830-1692c3c8b9a1', 
'changedDate', 
'changeddate', 
20, 
0, 
'', 
false);
INSERT INTO "mendixsystem$attribute" ("id", 
"entity_id", 
"attribute_name", 
"column_name", 
"type", 
"length", 
"default_value", 
"is_auto_number")
 VALUES ('7f7b9098-fab6-3f85-92d1-4719e187fe6a', 
'83b80667-18a1-487c-8830-1692c3c8b9a1', 
'createdDate', 
'createddate', 
20, 
0, 
'', 
false);
INSERT INTO "mendixsystem$attribute" ("id", 
"entity_id", 
"attribute_name", 
"column_name", 
"type", 
"length", 
"default_value", 
"is_auto_number")
 VALUES ('1aca068d-1845-43cd-a0ca-ebb17718138c', 
'83b80667-18a1-487c-8830-1692c3c8b9a1', 
'LanguageName', 
'languagename', 
30, 
200, 
'', 
false);
INSERT INTO "mendixsystem$attribute" ("id", 
"entity_id", 
"attribute_name", 
"column_name", 
"type", 
"length", 
"default_value", 
"is_auto_number")
 VALUES ('47eae1c8-88e4-4fb7-87a7-19a88f86d713', 
'83b80667-18a1-487c-8830-1692c3c8b9a1', 
'Caption', 
'caption', 
30, 
200, 
'', 
false);
INSERT INTO "mendixsystem$index" ("id", 
"table_id", 
"index_name")
 VALUES ('900aeaa4-ce1a-3dbe-9d54-27a099bd4c6a', 
'83b80667-18a1-487c-8830-1692c3c8b9a1', 
'idx_mxmodelreflection$mxobjectenumcaptions_system$owner');
INSERT INTO "mendixsystem$index_column" ("index_id", 
"column_id", 
"sort_order", 
"ordinal")
 VALUES ('900aeaa4-ce1a-3dbe-9d54-27a099bd4c6a', 
'0f68a6e8-d779-3229-8ced-0fe701f5e410', 
false, 
0);
INSERT INTO "mendixsystem$index" ("id", 
"table_id", 
"index_name")
 VALUES ('597306c8-b348-307f-8525-3530ffde0dc5', 
'83b80667-18a1-487c-8830-1692c3c8b9a1', 
'idx_mxmodelreflection$mxobjectenumcaptions_system$changedby');
INSERT INTO "mendixsystem$index_column" ("index_id", 
"column_id", 
"sort_order", 
"ordinal")
 VALUES ('597306c8-b348-307f-8525-3530ffde0dc5', 
'24b80aae-bbb6-3887-8f96-9fc62636bdc9', 
false, 
0);
INSERT INTO "mendixsystem$association" ("id", 
"association_name", 
"table_name", 
"parent_entity_id", 
"child_entity_id", 
"parent_column_name", 
"child_column_name")
 VALUES ('0f68a6e8-d779-3229-8ced-0fe701f5e410', 
'System.owner', 
'system$owner', 
'83b80667-18a1-487c-8830-1692c3c8b9a1', 
'282e2e60-88a5-469d-84a5-ba8d9151644f', 
'id', 
'system$owner');
INSERT INTO "mendixsystem$association" ("id", 
"association_name", 
"table_name", 
"parent_entity_id", 
"child_entity_id", 
"parent_column_name", 
"child_column_name")
 VALUES ('24b80aae-bbb6-3887-8f96-9fc62636bdc9', 
'System.changedBy', 
'system$changedby', 
'83b80667-18a1-487c-8830-1692c3c8b9a1', 
'282e2e60-88a5-469d-84a5-ba8d9151644f', 
'id', 
'system$changedby');
CREATE TABLE "emailtemplate$attachment" (
	"id" BIGINT NOT NULL,
	PRIMARY KEY("id"));
INSERT INTO "mendixsystem$entity" ("id", 
"entity_name", 
"table_name", 
"superentity_id")
 VALUES ('955e8e98-f454-42c5-af0f-eb66ec6a15da', 
'EmailTemplate.Attachment', 
'emailtemplate$attachment', 
'170ce49d-f29c-4fac-99a6-b55e8a3aeb39');
CREATE TABLE "emailtemplate$attachment_emailtemplate" (
	"emailtemplate$attachmentid" BIGINT NOT NULL,
	"emailtemplate$emailtemplateid" BIGINT NOT NULL,
	PRIMARY KEY("emailtemplate$attachmentid","emailtemplate$emailtemplateid"));
CREATE INDEX "idx_emailtemplate$attachment_emailtemplate_emailtemplate$emailtemplate_emailtemplate$attachment" ON "emailtemplate$attachment_emailtemplate" ("emailtemplate$emailtemplateid","emailtemplate$attachmentid");
INSERT INTO "mendixsystem$association" ("id", 
"association_name", 
"table_name", 
"parent_entity_id", 
"child_entity_id", 
"parent_column_name", 
"child_column_name", 
"index_name")
 VALUES ('38612bc6-b6ec-4631-bd71-3cf0792334cf', 
'EmailTemplate.Attachment_EmailTemplate', 
'emailtemplate$attachment_emailtemplate', 
'955e8e98-f454-42c5-af0f-eb66ec6a15da', 
'0fa6ad51-5a52-4702-8abb-f82725286aab', 
'emailtemplate$attachmentid', 
'emailtemplate$emailtemplateid', 
'idx_emailtemplate$attachment_emailtemplate_emailtemplate$emailtemplate_emailtemplate$attachment');
CREATE TABLE "emailtemplate$attachment_email" (
	"emailtemplate$attachmentid" BIGINT NOT NULL,
	"emailtemplate$emailid" BIGINT NOT NULL,
	PRIMARY KEY("emailtemplate$attachmentid","emailtemplate$emailid"));
CREATE INDEX "idx_emailtemplate$attachment_email_emailtemplate$email_emailtemplate$attachment" ON "emailtemplate$attachment_email" ("emailtemplate$emailid","emailtemplate$attachmentid");
INSERT INTO "mendixsystem$association" ("id", 
"association_name", 
"table_name", 
"parent_entity_id", 
"child_entity_id", 
"parent_column_name", 
"child_column_name", 
"index_name")
 VALUES ('05b62928-9940-4bf6-8696-7e0c804fb17f', 
'EmailTemplate.Attachment_Email', 
'emailtemplate$attachment_email', 
'955e8e98-f454-42c5-af0f-eb66ec6a15da', 
'c138e620-db49-4e31-8634-c76b6b70f43b', 
'emailtemplate$attachmentid', 
'emailtemplate$emailid', 
'idx_emailtemplate$attachment_email_emailtemplate$email_emailtemplate$attachment');
CREATE TABLE "mxmodelreflection$module" (
	"id" BIGINT NOT NULL,
	"synchronizeobjectswithinmodule" BOOLEAN NULL,
	"modulename" VARCHAR_IGNORECASE(200) NULL,
	PRIMARY KEY("id"));
INSERT INTO "mendixsystem$entity" ("id", 
"entity_name", 
"table_name")
 VALUES ('de85d14d-225f-4a2d-a578-4bbbd414eaad', 
'MxModelReflection.Module', 
'mxmodelreflection$module');
INSERT INTO "mendixsystem$attribute" ("id", 
"entity_id", 
"attribute_name", 
"column_name", 
"type", 
"length", 
"default_value", 
"is_auto_number")
 VALUES ('0525cf05-d3dd-4a8e-a7f0-0f7a280a5f54', 
'de85d14d-225f-4a2d-a578-4bbbd414eaad', 
'SynchronizeObjectsWithinModule', 
'synchronizeobjectswithinmodule', 
10, 
0, 
'false', 
false);
INSERT INTO "mendixsystem$attribute" ("id", 
"entity_id", 
"attribute_name", 
"column_name", 
"type", 
"length", 
"default_value", 
"is_auto_number")
 VALUES ('4272fdcf-ef81-4257-ab70-1d4b84f3d551', 
'de85d14d-225f-4a2d-a578-4bbbd414eaad', 
'ModuleName', 
'modulename', 
30, 
200, 
'', 
false);
CREATE TABLE "mxmodelreflection$mxobjecttype" (
	"id" BIGINT NOT NULL,
	"changeddate" TIMESTAMP NULL,
	"createddate" TIMESTAMP NULL,
	"persistencetype" VARCHAR_IGNORECASE(14) NULL,
	"completename" VARCHAR_IGNORECASE(200) NULL,
	"module" VARCHAR_IGNORECASE(200) NULL,
	"name" VARCHAR_IGNORECASE(200) NULL,
	"readablename" VARCHAR_IGNORECASE(400) NULL,
	"system$changedby" BIGINT NULL,
	"system$owner" BIGINT NULL,
	PRIMARY KEY("id"));
CREATE INDEX "idx_mxmodelreflection$mxobjecttype_system$changedby" ON "mxmodelreflection$mxobjecttype" ("system$changedby","id");
CREATE INDEX "idx_mxmodelreflection$mxobjecttype_system$owner" ON "mxmodelreflection$mxobjecttype" ("system$owner","id");
INSERT INTO "mendixsystem$entity" ("id", 
"entity_name", 
"table_name")
 VALUES ('853bb93d-4ce1-4b4e-99b8-70e7742ad108', 
'MxModelReflection.MxObjectType', 
'mxmodelreflection$mxobjecttype');
INSERT INTO "mendixsystem$attribute" ("id", 
"entity_id", 
"attribute_name", 
"column_name", 
"type", 
"length", 
"default_value", 
"is_auto_number")
 VALUES ('b498edf3-b943-3e4d-bbb7-3d3942a8775b', 
'853bb93d-4ce1-4b4e-99b8-70e7742ad108', 
'changedDate', 
'changeddate', 
20, 
0, 
'', 
false);
INSERT INTO "mendixsystem$attribute" ("id", 
"entity_id", 
"attribute_name", 
"column_name", 
"type", 
"length", 
"default_value", 
"is_auto_number")
 VALUES ('0c4c5d6f-92ac-3c71-bdeb-cf017164efdb', 
'853bb93d-4ce1-4b4e-99b8-70e7742ad108', 
'createdDate', 
'createddate', 
20, 
0, 
'', 
false);
INSERT INTO "mendixsystem$attribute" ("id", 
"entity_id", 
"attribute_name", 
"column_name", 
"type", 
"length", 
"default_value", 
"is_auto_number")
 VALUES ('d53ae774-ce13-4d0a-8936-d367f88c9840', 
'853bb93d-4ce1-4b4e-99b8-70e7742ad108', 
'PersistenceType', 
'persistencetype', 
40, 
14, 
'Persistable', 
false);
INSERT INTO "mendixsystem$attribute" ("id", 
"entity_id", 
"attribute_name", 
"column_name", 
"type", 
"length", 
"default_value", 
"is_auto_number")
 VALUES ('b1093a7a-f1e4-4bbd-b83e-133d01d809fd', 
'853bb93d-4ce1-4b4e-99b8-70e7742ad108', 
'CompleteName', 
'completename', 
30, 
200, 
'', 
false);
INSERT INTO "mendixsystem$attribute" ("id", 
"entity_id", 
"attribute_name", 
"column_name", 
"type", 
"length", 
"default_value", 
"is_auto_number")
 VALUES ('b2875f58-feb3-4fb2-af0c-f8d1e0749b11', 
'853bb93d-4ce1-4b4e-99b8-70e7742ad108', 
'Module', 
'module', 
30, 
200, 
'', 
false);
INSERT INTO "mendixsystem$attribute" ("id", 
"entity_id", 
"attribute_name", 
"column_name", 
"type", 
"length", 
"default_value", 
"is_auto_number")
 VALUES ('61c488d2-5664-4034-a36f-8dd7ecff84e1', 
'853bb93d-4ce1-4b4e-99b8-70e7742ad108', 
'Name', 
'name', 
30, 
200, 
'', 
false);
INSERT INTO "mendixsystem$attribute" ("id", 
"entity_id", 
"attribute_name", 
"column_name", 
"type", 
"length", 
"default_value", 
"is_auto_number")
 VALUES ('37089eb6-b46e-4f66-be07-c562fa6ee06f', 
'853bb93d-4ce1-4b4e-99b8-70e7742ad108', 
'ReadableName', 
'readablename', 
30, 
400, 
'', 
false);
INSERT INTO "mendixsystem$index" ("id", 
"table_id", 
"index_name")
 VALUES ('fa7b130f-0344-30b6-8509-9cb9cf95c685', 
'853bb93d-4ce1-4b4e-99b8-70e7742ad108', 
'idx_mxmodelreflection$mxobjecttype_system$changedby');
INSERT INTO "mendixsystem$index_column" ("index_id", 
"column_id", 
"sort_order", 
"ordinal")
 VALUES ('fa7b130f-0344-30b6-8509-9cb9cf95c685', 
'a2a0537b-d42e-30de-96b7-d070e6b37780', 
false, 
0);
INSERT INTO "mendixsystem$index" ("id", 
"table_id", 
"index_name")
 VALUES ('457b7391-c614-3741-ac6c-e45604b27efa', 
'853bb93d-4ce1-4b4e-99b8-70e7742ad108', 
'idx_mxmodelreflection$mxobjecttype_system$owner');
INSERT INTO "mendixsystem$index_column" ("index_id", 
"column_id", 
"sort_order", 
"ordinal")
 VALUES ('457b7391-c614-3741-ac6c-e45604b27efa', 
'791294de-5f4c-3cbd-b783-407051154bb6', 
false, 
0);
INSERT INTO "mendixsystem$association" ("id", 
"association_name", 
"table_name", 
"parent_entity_id", 
"child_entity_id", 
"parent_column_name", 
"child_column_name")
 VALUES ('a2a0537b-d42e-30de-96b7-d070e6b37780', 
'System.changedBy', 
'system$changedby', 
'853bb93d-4ce1-4b4e-99b8-70e7742ad108', 
'282e2e60-88a5-469d-84a5-ba8d9151644f', 
'id', 
'system$changedby');
INSERT INTO "mendixsystem$association" ("id", 
"association_name", 
"table_name", 
"parent_entity_id", 
"child_entity_id", 
"parent_column_name", 
"child_column_name")
 VALUES ('791294de-5f4c-3cbd-b783-407051154bb6', 
'System.owner', 
'system$owner', 
'853bb93d-4ce1-4b4e-99b8-70e7742ad108', 
'282e2e60-88a5-469d-84a5-ba8d9151644f', 
'id', 
'system$owner');
CREATE TABLE "mxmodelreflection$mxobjecttype_subclassof_mxobjecttype" (
	"mxmodelreflection$mxobjecttypeid1" BIGINT NOT NULL,
	"mxmodelreflection$mxobjecttypeid2" BIGINT NOT NULL,
	PRIMARY KEY("mxmodelreflection$mxobjecttypeid1","mxmodelreflection$mxobjecttypeid2"));
CREATE INDEX "idx_mxmodelreflection$mxobjecttype_subclassof_mxobjecttype_mxmodelreflection$mxobjecttype_mxmodelreflection$mxobjecttype" ON "mxmodelreflection$mxobjecttype_subclassof_mxobjecttype" ("mxmodelreflection$mxobjecttypeid2","mxmodelreflection$mxobjecttypeid1");
INSERT INTO "mendixsystem$association" ("id", 
"association_name", 
"table_name", 
"parent_entity_id", 
"child_entity_id", 
"parent_column_name", 
"child_column_name", 
"index_name")
 VALUES ('e68f7530-43a9-4b93-9175-5294a3f1c0d7', 
'MxModelReflection.MxObjectType_SubClassOf_MxObjectType', 
'mxmodelreflection$mxobjecttype_subclassof_mxobjecttype', 
'853bb93d-4ce1-4b4e-99b8-70e7742ad108', 
'853bb93d-4ce1-4b4e-99b8-70e7742ad108', 
'mxmodelreflection$mxobjecttypeid1', 
'mxmodelreflection$mxobjecttypeid2', 
'idx_mxmodelreflection$mxobjecttype_subclassof_mxobjecttype_mxmodelreflection$mxobjecttype_mxmodelreflection$mxobjecttype');
CREATE TABLE "mxmodelreflection$mxobjecttype_module" (
	"mxmodelreflection$mxobjecttypeid" BIGINT NOT NULL,
	"mxmodelreflection$moduleid" BIGINT NOT NULL,
	PRIMARY KEY("mxmodelreflection$mxobjecttypeid","mxmodelreflection$moduleid"));
CREATE INDEX "idx_mxmodelreflection$mxobjecttype_module_mxmodelreflection$module_mxmodelreflection$mxobjecttype" ON "mxmodelreflection$mxobjecttype_module" ("mxmodelreflection$moduleid","mxmodelreflection$mxobjecttypeid");
INSERT INTO "mendixsystem$association" ("id", 
"association_name", 
"table_name", 
"parent_entity_id", 
"child_entity_id", 
"parent_column_name", 
"child_column_name", 
"index_name")
 VALUES ('a14600f6-f233-4411-affa-8e53faedaaf3', 
'MxModelReflection.MxObjectType_Module', 
'mxmodelreflection$mxobjecttype_module', 
'853bb93d-4ce1-4b4e-99b8-70e7742ad108', 
'de85d14d-225f-4a2d-a578-4bbbd414eaad', 
'mxmodelreflection$mxobjecttypeid', 
'mxmodelreflection$moduleid', 
'idx_mxmodelreflection$mxobjecttype_module_mxmodelreflection$module_mxmodelreflection$mxobjecttype');
UPDATE "mendixsystem$version"
 SET "versionnumber" = '4.2', 
"lastsyncdate" = '20170907 13:55:19';
